model_id,model_dir,usable,reason,money_scale,param__config__borrowing_interest_rate,param__config__borrowing_limit,param__config__consumption_floor,param__config__ct_automatic_illiquid_income_share,param__config__ct_convex_adjustment_cost,param__config__ct_delta_base,param__config__ct_delta_max,param__config__ct_illiquid_cost_floor,param__config__ct_linear_adjustment_cost,param__config__ct_policy_drift_clip,param__config__ct_slow_iterations,param__config__ct_time_step,param__config__dense_liquid_upper,param__config__discount_factor,param__config__empirical_min_cell_count,param__config__empirical_transition_smoothing,param__config__illiquid_interest_rate,param__config__illiquid_max,param__config__illiquid_min,param__config__illiquid_service_flow,param__config__liquid_interest_rate,param__config__liquid_max,param__config__liquid_service_flow,param__config__max_age,param__config__min_age,param__config__retirement_age,param__config__risk_aversion,param__policy__employment__finding_income_slope,param__policy__employment__job_finding_probability,param__policy__employment__job_loss_probability,param__policy__employment__loss_income_slope,param__policy__employment__unemployment_replacement_rate,param__policy__group_values__0,param__policy__income__age_profile_quadratic,param__policy__income__age_profile_slope,param__policy__income__group_log_income_shifters__0,param__policy__income__innovation_std,param__policy__income__mean_income,param__policy__income__persistence,param__policy__pension__replacement_rate,param__policy__tax__deduction,param__policy__tax__flat_rate,param__policy__tax__payroll_rate,param__policy__tax__progressive_exponent,param__policy__tax__progressive_rate,param__policy__tax__tax_cap,param__config__allow_borrowing,param__config__normalize_empirical_money,param__policy__employment__kind,param__policy__employment__retirement_absorbing,param__policy__income__kind,param__policy__pension__kind,param__policy__pension__pension_taxable,param__policy__tax__kind
027b4aadb35d4b,held_out_models/027b4aadb35d4b,True,,1.0,0.06,0.0,1e-08,0.05,0.5,0.5,100000000.0,1e-06,0.0,10000.0,20.0,1.0,0.75,0.97,25.0,0.001,0.02,5.0,1e-06,0.0,0.0,2.0,0.0,80.0,25.0,65.0,2.0,0.0,0.6,0.015,0.0,0.7,0.0,-0.1,0.1,0.0,0.35,1.0,0.9,0.25,0.2,0.25,0.08,1.35,0.05,0.95,False,True,constant,True,rouwenhorst,replacement_rate,True,progressive
03b7b5d56781d2,held_out_models/03b7b5d56781d2,True,,1.0,0.15,0.0,1e-08,0.0,0.5,0.5,100000000.0,1e-06,0.02,10000.0,20.0,1.0,0.75,0.95,25.0,0.001,0.04,5.0,1e-06,0.0,0.02,2.0,0.0,80.0,25.0,65.0,6.0,0.0,0.3,0.075,0.0,0.3,0.0,-0.1,0.4,0.0,0.1,1.0,0.9,0.65,0.2,0.15,0.08,1.35,0.05,0.95,False,True,constant,True,rouwenhorst,replacement_rate,True,progressive
0408aeb73fe8bc,held_out_models/0408aeb73fe8bc,True,,1.0,0.1,0.0,1e-08,0.1,0.5,0.5,100000000.0,1e-06,0.1,10000.0,20.0,1.0,0.75,0.95,25.0,0.001,0.06,5.0,1e-06,0.0,0.02,2.0,0.0,80.0,25.0,65.0,4.0,0.0,0.85,0.035,0.0,0.7,0.0,-0.1,0.1,0.0,0.2,1.0,0.9,0.65,0.2,0.08,0.08,1.35,0.05,0.95,False,True,constant,True,rouwenhorst,replacement_rate,True,flat
042ebe3b97f60d,held_out_models/042ebe3b97f60d,True,,1.0,0.15,0.0,1e-08,0.05,2.0,0.5,100000000.0,1e-06,0.1,10000.0,20.0,1.0,0.75,0.92,25.0,0.001,0.04,5.0,1e-06,0.0,0.02,2.0,0.0,80.0,25.0,65.0,2.0,0.0,0.6,0.035,0.0,0.3,0.0,-0.1,0.4,0.0,0.1,1.0,0.9,0.65,0.2,0.25,0.08,1.35,0.02,0.95,False,True,constant,True,rouwenhorst,replacement_rate,True,flat
04d407e744990d,held_out_models/04d407e744990d,True,,1.0,0.15,0.0,1e-08,0.0,2.0,0.5,100000000.0,1e-06,0.05,10000.0,20.0,1.0,0.75,0.985,25.0,0.001,0.02,5.0,1e-06,0.0,0.01,2.0,0.0,80.0,25.0,65.0,4.0,0.0,0.85,0.035,0.0,0.3,0.0,-0.1,0.1,0.0,0.1,1.0,0.9,0.45,0.2,0.08,0.08,1.35,0.02,0.95,False,True,constant,True,rouwenhorst,replacement_rate,True,flat
04fc2fc80a973a,held_out_models/04fc2fc80a973a,True,,1.0,0.06,0.0,1e-08,0.1,0.5,0.5,100000000.0,1e-06,0.0,10000.0,20.0,1.0,0.75,0.97,25.0,0.001,0.04,5.0,1e-06,0.0,0.02,2.0,0.0,80.0,25.0,65.0,2.0,0.0,0.85,0.015,0.0,0.7,0.0,-0.1,0.1,0.0,0.1,1.0,0.9,0.65,0.2,0.08,0.08,1.35,0.05,0.95,False,True,constant,True,rouwenhorst,replacement_rate,True,progressive
06b7bdb0bdf0ca,held_out_models/06b7bdb0bdf0ca,True,,1.0,0.15,0.0,1e-08,0.1,0.5,0.5,100000000.0,1e-06,0.1,10000.0,20.0,1.0,0.75,0.985,25.0,0.001,0.02,5.0,1e-06,0.0,0.01,2.0,0.0,80.0,25.0,65.0,6.0,0.0,0.3,0.075,0.0,0.7,0.0,-0.1,0.4,0.0,0.1,1.0,0.98,0.25,0.2,0.25,0.08,1.35,0.02,0.95,False,True,constant,True,rouwenhorst,replacement_rate,True,progressive
0882426a2a9026,held_out_models/0882426a2a9026,True,,1.0,0.15,0.0,1e-08,0.05,8.0,0.5,100000000.0,1e-06,0.1,10000.0,20.0,1.0,0.75,0.985,25.0,0.001,0.02,5.0,1e-06,0.0,0.01,2.0,0.0,80.0,25.0,65.0,6.0,0.0,0.6,0.035,0.0,0.3,0.0,-0.1,0.4,0.0,0.1,1.0,0.95,0.25,0.2,0.15,0.08,1.35,0.02,0.95,False,True,constant,True,rouwenhorst,replacement_rate,True,none
08c65bdab02bce,held_out_models/08c65bdab02bce,True,,1.0,0.15,0.0,1e-08,0.0,8.0,0.5,100000000.0,1e-06,0.02,10000.0,20.0,1.0,0.75,0.92,25.0,0.001,0.04,5.0,1e-06,0.0,0.0,2.0,0.0,80.0,25.0,65.0,6.0,0.0,0.6,0.075,0.0,0.3,0.0,-0.1,0.25,0.0,0.2,1.0,0.9,0.65,0.2,0.08,0.08,1.35,0.05,0.95,False,True,constant,True,rouwenhorst,replacement_rate,True,progressive
09546889197bb5,held_out_models/09546889197bb5,True,,1.0,0.15,0.0,1e-08,0.0,2.0,0.5,100000000.0,1e-06,0.0,10000.0,20.0,1.0,0.75,0.985,25.0,0.001,0.02,5.0,1e-06,0.0,0.02,2.0,0.0,80.0,25.0,65.0,2.0,0.0,0.85,0.035,0.0,0.3,0.0,-0.1,0.25,0.0,0.2,1.0,0.98,0.65,0.2,0.15,0.08,1.35,0.05,0.95,False,True,constant,True,rouwenhorst,replacement_rate,True,progressive
0b011f305eb9ec,held_out_models/0b011f305eb9ec,True,,1.0,0.1,0.0,1e-08,0.1,0.5,0.5,100000000.0,1e-06,0.05,10000.0,20.0,1.0,0.75,0.92,25.0,0.001,0.02,5.0,1e-06,0.0,0.01,2.0,0.0,80.0,25.0,65.0,4.0,0.0,0.85,0.015,0.0,0.7,0.0,-0.1,0.4,0.0,0.1,1.0,0.98,0.65,0.2,0.25,0.08,1.35,0.05,0.95,False,True,constant,True,rouwenhorst,replacement_rate,True,none
0e281cce562dd3,held_out_models/0e281cce562dd3,True,,1.0,0.1,0.0,1e-08,0.05,8.0,0.5,100000000.0,1e-06,0.1,10000.0,20.0,1.0,0.75,0.95,25.0,0.001,0.06,5.0,1e-06,0.0,0.01,2.0,0.0,80.0,25.0,65.0,2.0,0.0,0.6,0.035,0.0,0.3,0.0,-0.1,0.25,0.0,0.35,1.0,0.95,0.25,0.2,0.25,0.08,1.35,0.02,0.95,False,True,constant,True,rouwenhorst,replacement_rate,True,none
10b0514b8d7625,held_out_models/10b0514b8d7625,True,,1.0,0.06,0.0,1e-08,0.1,2.0,0.5,100000000.0,1e-06,0.0,10000.0,20.0,1.0,0.75,0.92,25.0,0.001,0.04,5.0,1e-06,0.0,0.02,2.0,0.0,80.0,25.0,65.0,2.0,0.0,0.85,0.015,0.0,0.5,0.0,-0.1,0.4,0.0,0.2,1.0,0.95,0.45,0.2,0.25,0.08,1.35,0.02,0.95,False,True,constant,True,rouwenhorst,replacement_rate,True,flat
13fa3296dc1c5d,held_out_models/13fa3296dc1c5d,True,,1.0,0.15,0.0,1e-08,0.05,2.0,0.5,100000000.0,1e-06,0.02,10000.0,20.0,1.0,0.75,0.97,25.0,0.001,0.06,5.0,1e-06,0.0,0.02,2.0,0.0,80.0,25.0,65.0,4.0,0.0,0.85,0.015,0.0,0.3,0.0,-0.1,0.4,0.0,0.1,1.0,0.95,0.45,0.2,0.08,0.08,1.35,0.05,0.95,False,True,constant,True,rouwenhorst,replacement_rate,True,progressive
1495f35eea0a5d,held_out_models/1495f35eea0a5d,True,,1.0,0.06,0.0,1e-08,0.0,0.5,0.5,100000000.0,1e-06,0.02,10000.0,20.0,1.0,0.75,0.985,25.0,0.001,0.06,5.0,1e-06,0.0,0.01,2.0,0.0,80.0,25.0,65.0,2.0,0.0,0.6,0.035,0.0,0.5,0.0,-0.1,0.1,0.0,0.2,1.0,0.9,0.45,0.2,0.08,0.08,1.35,0.05,0.95,False,True,constant,True,rouwenhorst,replacement_rate,True,flat
14d4087b329c11,held_out_models/14d4087b329c11,True,,1.0,0.1,0.0,1e-08,0.05,8.0,0.5,100000000.0,1e-06,0.05,10000.0,20.0,1.0,0.75,0.985,25.0,0.001,0.04,5.0,1e-06,0.0,0.01,2.0,0.0,80.0,25.0,65.0,2.0,0.0,0.3,0.075,0.0,0.3,0.0,-0.1,0.4,0.0,0.35,1.0,0.9,0.45,0.2,0.08,0.08,1.35,0.05,0.95,False,True,constant,True,rouwenhorst,replacement_rate,True,flat
15332f37f7bd29,held_out_models/15332f37f7bd29,True,,1.0,0.15,0.0,1e-08,0.0,8.0,0.5,100000000.0,1e-06,0.02,10000.0,20.0,1.0,0.75,0.985,25.0,0.001,0.04,5.0,1e-06,0.0,0.0,2.0,0.0,80.0,25.0,65.0,2.0,0.0,0.3,0.015,0.0,0.5,0.0,-0.1,0.1,0.0,0.2,1.0,0.9,0.25,0.2,0.08,0.08,1.35,0.05,0.95,False,True,constant,True,rouwenhorst,replacement_rate,True,none
170b52741fc6aa,held_out_models/170b52741fc6aa,True,,1.0,0.1,0.0,1e-08,0.05,0.5,0.5,100000000.0,1e-06,0.1,10000.0,20.0,1.0,0.75,0.92,25.0,0.001,0.06,5.0,1e-06,0.0,0.02,2.0,0.0,80.0,25.0,65.0,4.0,0.0,0.6,0.075,0.0,0.7,0.0,-0.1,0.25,0.0,0.1,1.0,0.98,0.65,0.2,0.08,0.08,1.35,0.02,0.95,False,True,constant,True,rouwenhorst,replacement_rate,True,none
17a6b9c2e5e0a1,held_out_models/17a6b9c2e5e0a1,True,,1.0,0.15,0.0,1e-08,0.05,0.5,0.5,100000000.0,1e-06,0.02,10000.0,20.0,1.0,0.75,0.95,25.0,0.001,0.04,5.0,1e-06,0.0,0.01,2.0,0.0,80.0,25.0,65.0,6.0,0.0,0.85,0.075,0.0,0.5,0.0,-0.1,0.1,0.0,0.2,1.0,0.9,0.65,0.2,0.08,0.08,1.35,0.02,0.95,False,True,constant,True,rouwenhorst,replacement_rate,True,flat
1a4a4e419ed870,held_out_models/1a4a4e419ed870,True,,1.0,0.1,0.0,1e-08,0.1,8.0,0.5,100000000.0,1e-06,0.05,10000.0,20.0,1.0,0.75,0.97,25.0,0.001,0.06,5.0,1e-06,0.0,0.01,2.0,0.0,80.0,25.0,65.0,2.0,0.0,0.6,0.075,0.0,0.7,0.0,-0.1,0.1,0.0,0.1,1.0,0.98,0.45,0.2,0.25,0.08,1.35,0.02,0.95,False,True,constant,True,rouwenhorst,replacement_rate,True,progressive
1b656b38b8768a,held_out_models/1b656b38b8768a,True,,1.0,0.06,0.0,1e-08,0.0,2.0,0.5,100000000.0,1e-06,0.1,10000.0,20.0,1.0,0.75,0.97,25.0,0.001,0.02,5.0,1e-06,0.0,0.0,2.0,0.0,80.0,25.0,65.0,2.0,0.0,0.3,0.015,0.0,0.7,0.0,-0.1,0.1,0.0,0.2,1.0,0.95,0.65,0.2,0.08,0.08,1.35,0.02,0.95,False,True,constant,True,rouwenhorst,replacement_rate,True,progressive
1c5e2da11823a4,held_out_models/1c5e2da11823a4,True,,1.0,0.06,0.0,1e-08,0.1,2.0,0.5,100000000.0,1e-06,0.05,10000.0,20.0,1.0,0.75,0.985,25.0,0.001,0.02,5.0,1e-06,0.0,0.02,2.0,0.0,80.0,25.0,65.0,4.0,0.0,0.3,0.015,0.0,0.3,0.0,-0.1,0.1,0.0,0.35,1.0,0.9,0.65,0.2,0.08,0.08,1.35,0.05,0.95,False,True,constant,True,rouwenhorst,replacement_rate,True,flat
1d62f468763ad6,held_out_models/1d62f468763ad6,True,,1.0,0.15,0.0,1e-08,0.05,0.5,0.5,100000000.0,1e-06,0.0,10000.0,20.0,1.0,0.75,0.92,25.0,0.001,0.04,5.0,1e-06,0.0,0.02,2.0,0.0,80.0,25.0,65.0,2.0,0.0,0.3,0.035,0.0,0.5,0.0,-0.1,0.4,0.0,0.1,1.0,0.95,0.25,0.2,0.25,0.08,1.35,0.05,0.95,False,True,constant,True,rouwenhorst,replacement_rate,True,progressive
1db414c3b3844b,held_out_models/1db414c3b3844b,True,,1.0,0.15,0.0,1e-08,0.1,0.5,0.5,100000000.0,1e-06,0.02,10000.0,20.0,1.0,0.75,0.92,25.0,0.001,0.02,5.0,1e-06,0.0,0.01,2.0,0.0,80.0,25.0,65.0,2.0,0.0,0.6,0.035,0.0,0.3,0.0,-0.1,0.4,0.0,0.1,1.0,0.9,0.65,0.2,0.15,0.08,1.35,0.02,0.95,False,True,constant,True,rouwenhorst,replacement_rate,True,none
1e5af09430c490,held_out_models/1e5af09430c490,True,,1.0,0.15,0.0,1e-08,0.0,2.0,0.5,100000000.0,1e-06,0.02,10000.0,20.0,1.0,0.75,0.985,25.0,0.001,0.02,5.0,1e-06,0.0,0.02,2.0,0.0,80.0,25.0,65.0,2.0,0.0,0.85,0.035,0.0,0.7,0.0,-0.1,0.4,0.0,0.1,1.0,0.98,0.65,0.2,0.15,0.08,1.35,0.02,0.95,False,True,constant,True,rouwenhorst,replacement_rate,True,flat
1eba952c0676f8,held_out_models/1eba952c0676f8,True,,1.0,0.1,0.0,1e-08,0.1,0.5,0.5,100000000.0,1e-06,0.0,10000.0,20.0,1.0,0.75,0.97,25.0,0.001,0.04,5.0,1e-06,0.0,0.02,2.0,0.0,80.0,25.0,65.0,2.0,0.0,0.85,0.075,0.0,0.7,0.0,-0.1,0.25,0.0,0.35,1.0,0.95,0.25,0.2,0.08,0.08,1.35,0.05,0.95,False,True,constant,True,rouwenhorst,replacement_rate,True,none
200c5f58eb5315,held_out_models/200c5f58eb5315,True,,1.0,0.1,0.0,1e-08,0.05,0.5,0.5,100000000.0,1e-06,0.1,10000.0,20.0,1.0,0.75,0.985,25.0,0.001,0.06,5.0,1e-06,0.0,0.0,2.0,0.0,80.0,25.0,65.0,4.0,0.0,0.3,0.075,0.0,0.5,0.0,-0.1,0.25,0.0,0.2,1.0,0.9,0.25,0.2,0.08,0.08,1.35,0.05,0.95,False,True,constant,True,rouwenhorst,replacement_rate,True,none
2031ba51ccbea2,held_out_models/2031ba51ccbea2,True,,1.0,0.1,0.0,1e-08,0.1,8.0,0.5,100000000.0,1e-06,0.05,10000.0,20.0,1.0,0.75,0.97,25.0,0.001,0.02,5.0,1e-06,0.0,0.0,2.0,0.0,80.0,25.0,65.0,2.0,0.0,0.6,0.015,0.0,0.7,0.0,-0.1,0.4,0.0,0.35,1.0,0.98,0.25,0.2,0.08,0.08,1.35,0.02,0.95,False,True,constant,True,rouwenhorst,replacement_rate,True,flat
213b8e8ffda73a,held_out_models/213b8e8ffda73a,True,,1.0,0.1,0.0,1e-08,0.05,2.0,0.5,100000000.0,1e-06,0.02,10000.0,20.0,1.0,0.75,0.92,25.0,0.001,0.04,5.0,1e-06,0.0,0.01,2.0,0.0,80.0,25.0,65.0,2.0,0.0,0.6,0.015,0.0,0.5,0.0,-0.1,0.1,0.0,0.1,1.0,0.95,0.65,0.2,0.15,0.08,1.35,0.02,0.95,False,True,constant,True,rouwenhorst,replacement_rate,True,none
216161339fc829,held_out_models/216161339fc829,True,,1.0,0.15,0.0,1e-08,0.0,2.0,0.5,100000000.0,1e-06,0.02,10000.0,20.0,1.0,0.75,0.97,25.0,0.001,0.06,5.0,1e-06,0.0,0.02,2.0,0.0,80.0,25.0,65.0,4.0,0.0,0.6,0.075,0.0,0.7,0.0,-0.1,0.4,0.0,0.2,1.0,0.98,0.25,0.2,0.15,0.08,1.35,0.02,0.95,False,True,constant,True,rouwenhorst,replacement_rate,True,none
2265e42c235ced,held_out_models/2265e42c235ced,True,,1.0,0.1,0.0,1e-08,0.0,0.5,0.5,100000000.0,1e-06,0.0,10000.0,20.0,1.0,0.75,0.97,25.0,0.001,0.06,5.0,1e-06,0.0,0.0,2.0,0.0,80.0,25.0,65.0,6.0,0.0,0.3,0.035,0.0,0.7,0.0,-0.1,0.4,0.0,0.1,1.0,0.95,0.45,0.2,0.25,0.08,1.35,0.02,0.95,False,True,constant,True,rouwenhorst,replacement_rate,True,none
237a16743e3948,held_out_models/237a16743e3948,True,,1.0,0.06,0.0,1e-08,0.1,2.0,0.5,100000000.0,1e-06,0.02,10000.0,20.0,1.0,0.75,0.95,25.0,0.001,0.06,5.0,1e-06,0.0,0.01,2.0,0.0,80.0,25.0,65.0,6.0,0.0,0.3,0.075,0.0,0.3,0.0,-0.1,0.4,0.0,0.2,1.0,0.9,0.45,0.2,0.25,0.08,1.35,0.05,0.95,False,True,constant,True,rouwenhorst,replacement_rate,True,flat
24c4ed77b4f947,held_out_models/24c4ed77b4f947,True,,1.0,0.1,0.0,1e-08,0.05,0.5,0.5,100000000.0,1e-06,0.0,10000.0,20.0,1.0,0.75,0.95,25.0,0.001,0.02,5.0,1e-06,0.0,0.0,2.0,0.0,80.0,25.0,65.0,4.0,0.0,0.6,0.015,0.0,0.3,0.0,-0.1,0.1,0.0,0.1,1.0,0.9,0.25,0.2,0.15,0.08,1.35,0.05,0.95,False,True,constant,True,rouwenhorst,replacement_rate,True,flat
253de89fb457ae,held_out_models/253de89fb457ae,True,,1.0,0.06,0.0,1e-08,0.0,2.0,0.5,100000000.0,1e-06,0.1,10000.0,20.0,1.0,0.75,0.97,25.0,0.001,0.02,5.0,1e-06,0.0,0.01,2.0,0.0,80.0,25.0,65.0,4.0,0.0,0.85,0.015,0.0,0.3,0.0,-0.1,0.1,0.0,0.2,1.0,0.9,0.25,0.2,0.25,0.08,1.35,0.05,0.95,False,True,constant,True,rouwenhorst,replacement_rate,True,progressive
27da26e3d91766,held_out_models/27da26e3d91766,True,,1.0,0.15,0.0,1e-08,0.0,8.0,0.5,100000000.0,1e-06,0.05,10000.0,20.0,1.0,0.75,0.92,25.0,0.001,0.06,5.0,1e-06,0.0,0.02,2.0,0.0,80.0,25.0,65.0,4.0,0.0,0.85,0.035,0.0,0.7,0.0,-0.1,0.1,0.0,0.1,1.0,0.9,0.65,0.2,0.25,0.08,1.35,0.05,0.95,False,True,constant,True,rouwenhorst,replacement_rate,True,progressive
29b83a8e9a32e3,held_out_models/29b83a8e9a32e3,True,,1.0,0.06,0.0,1e-08,0.0,2.0,0.5,100000000.0,1e-06,0.02,10000.0,20.0,1.0,0.75,0.985,25.0,0.001,0.02,5.0,1e-06,0.0,0.01,2.0,0.0,80.0,25.0,65.0,4.0,0.0,0.85,0.015,0.0,0.7,0.0,-0.1,0.4,0.0,0.1,1.0,0.9,0.65,0.2,0.25,0.08,1.35,0.02,0.95,False,True,constant,True,rouwenhorst,replacement_rate,True,flat
29f162ee2b80e4,held_out_models/29f162ee2b80e4,True,,1.0,0.06,0.0,1e-08,0.0,8.0,0.5,100000000.0,1e-06,0.05,10000.0,20.0,1.0,0.75,0.97,25.0,0.001,0.06,5.0,1e-06,0.0,0.0,2.0,0.0,80.0,25.0,65.0,6.0,0.0,0.6,0.075,0.0,0.7,0.0,-0.1,0.4,0.0,0.2,1.0,0.9,0.65,0.2,0.25,0.08,1.35,0.05,0.95,False,True,constant,True,rouwenhorst,replacement_rate,True,flat
2b9d01bab605db,held_out_models/2b9d01bab605db,True,,1.0,0.1,0.0,1e-08,0.0,2.0,0.5,100000000.0,1e-06,0.1,10000.0,20.0,1.0,0.75,0.985,25.0,0.001,0.04,5.0,1e-06,0.0,0.0,2.0,0.0,80.0,25.0,65.0,2.0,0.0,0.6,0.035,0.0,0.3,0.0,-0.1,0.4,0.0,0.1,1.0,0.98,0.45,0.2,0.15,0.08,1.35,0.02,0.95,False,True,constant,True,rouwenhorst,replacement_rate,True,none
2ca168829a02f9,held_out_models/2ca168829a02f9,True,,1.0,0.1,0.0,1e-08,0.1,2.0,0.5,100000000.0,1e-06,0.05,10000.0,20.0,1.0,0.75,0.92,25.0,0.001,0.06,5.0,1e-06,0.0,0.01,2.0,0.0,80.0,25.0,65.0,4.0,0.0,0.6,0.015,0.0,0.5,0.0,-0.1,0.25,0.0,0.1,1.0,0.95,0.25,0.2,0.25,0.08,1.35,0.05,0.95,False,True,constant,True,rouwenhorst,replacement_rate,True,flat
2dd53c046da6f4,held_out_models/2dd53c046da6f4,True,,1.0,0.1,0.0,1e-08,0.1,0.5,0.5,100000000.0,1e-06,0.02,10000.0,20.0,1.0,0.75,0.92,25.0,0.001,0.02,5.0,1e-06,0.0,0.0,2.0,0.0,80.0,25.0,65.0,2.0,0.0,0.6,0.035,0.0,0.7,0.0,-0.1,0.25,0.0,0.2,1.0,0.95,0.65,0.2,0.25,0.08,1.35,0.02,0.95,False,True,constant,True,rouwenhorst,replacement_rate,True,none
2e3674c36cb051,held_out_models/2e3674c36cb051,True,,1.0,0.15,0.0,1e-08,0.1,0.5,0.5,100000000.0,1e-06,0.0,10000.0,20.0,1.0,0.75,0.97,25.0,0.001,0.04,5.0,1e-06,0.0,0.02,2.0,0.0,80.0,25.0,65.0,6.0,0.0,0.3,0.075,0.0,0.7,0.0,-0.1,0.4,0.0,0.1,1.0,0.95,0.65,0.2,0.08,0.08,1.35,0.02,0.95,False,True,constant,True,rouwenhorst,replacement_rate,True,progressive
2eb7bc4b07da19,held_out_models/2eb7bc4b07da19,True,,1.0,0.15,0.0,1e-08,0.1,8.0,0.5,100000000.0,1e-06,0.02,10000.0,20.0,1.0,0.75,0.92,25.0,0.001,0.02,5.0,1e-06,0.0,0.0,2.0,0.0,80.0,25.0,65.0,2.0,0.0,0.6,0.035,0.0,0.3,0.0,-0.1,0.4,0.0,0.1,1.0,0.95,0.45,0.2,0.08,0.08,1.35,0.05,0.95,False,True,constant,True,rouwenhorst,replacement_rate,True,none
32212c0fe28425,held_out_models/32212c0fe28425,True,,1.0,0.1,0.0,1e-08,0.0,2.0,0.5,100000000.0,1e-06,0.05,10000.0,20.0,1.0,0.75,0.92,25.0,0.001,0.06,5.0,1e-06,0.0,0.01,2.0,0.0,80.0,25.0,65.0,2.0,0.0,0.3,0.015,0.0,0.3,0.0,-0.1,0.4,0.0,0.35,1.0,0.9,0.65,0.2,0.15,0.08,1.35,0.02,0.95,False,True,constant,True,rouwenhorst,replacement_rate,True,progressive
341da01a37af2e,held_out_models/341da01a37af2e,True,,1.0,0.06,0.0,1e-08,0.0,2.0,0.5,100000000.0,1e-06,0.0,10000.0,20.0,1.0,0.75,0.97,25.0,0.001,0.02,5.0,1e-06,0.0,0.0,2.0,0.0,80.0,25.0,65.0,2.0,0.0,0.85,0.075,0.0,0.5,0.0,-0.1,0.4,0.0,0.35,1.0,0.95,0.65,0.2,0.25,0.08,1.35,0.05,0.95,False,True,constant,True,rouwenhorst,replacement_rate,True,progressive
34295a94f28294,held_out_models/34295a94f28294,True,,1.0,0.15,0.0,1e-08,0.1,8.0,0.5,100000000.0,1e-06,0.0,10000.0,20.0,1.0,0.75,0.92,25.0,0.001,0.06,5.0,1e-06,0.0,0.02,2.0,0.0,80.0,25.0,65.0,2.0,0.0,0.6,0.035,0.0,0.5,0.0,-0.1,0.4,0.0,0.2,1.0,0.98,0.45,0.2,0.15,0.08,1.35,0.02,0.95,False,True,constant,True,rouwenhorst,replacement_rate,True,progressive
3582eb062c36db,held_out_models/3582eb062c36db,True,,1.0,0.15,0.0,1e-08,0.0,2.0,0.5,100000000.0,1e-06,0.02,10000.0,20.0,1.0,0.75,0.985,25.0,0.001,0.04,5.0,1e-06,0.0,0.0,2.0,0.0,80.0,25.0,65.0,2.0,0.0,0.85,0.035,0.0,0.7,0.0,-0.1,0.1,0.0,0.35,1.0,0.95,0.65,0.2,0.08,0.08,1.35,0.05,0.95,False,True,constant,True,rouwenhorst,replacement_rate,True,progressive
394d3cf58445ad,held_out_models/394d3cf58445ad,True,,1.0,0.06,0.0,1e-08,0.0,0.5,0.5,100000000.0,1e-06,0.02,10000.0,20.0,1.0,0.75,0.985,25.0,0.001,0.02,5.0,1e-06,0.0,0.02,2.0,0.0,80.0,25.0,65.0,2.0,0.0,0.85,0.015,0.0,0.5,0.0,-0.1,0.4,0.0,0.1,1.0,0.9,0.65,0.2,0.15,0.08,1.35,0.02,0.95,False,True,constant,True,rouwenhorst,replacement_rate,True,none
394d56f09c6fff,held_out_models/394d56f09c6fff,True,,1.0,0.06,0.0,1e-08,0.0,8.0,0.5,100000000.0,1e-06,0.0,10000.0,20.0,1.0,0.75,0.92,25.0,0.001,0.06,5.0,1e-06,0.0,0.02,2.0,0.0,80.0,25.0,65.0,4.0,0.0,0.3,0.035,0.0,0.3,0.0,-0.1,0.4,0.0,0.2,1.0,0.9,0.25,0.2,0.15,0.08,1.35,0.02,0.95,False,True,constant,True,rouwenhorst,replacement_rate,True,progressive
3b35eaa47dd3e2,held_out_models/3b35eaa47dd3e2,True,,1.0,0.06,0.0,1e-08,0.05,2.0,0.5,100000000.0,1e-06,0.1,10000.0,20.0,1.0,0.75,0.985,25.0,0.001,0.06,5.0,1e-06,0.0,0.0,2.0,0.0,80.0,25.0,65.0,4.0,0.0,0.85,0.015,0.0,0.5,0.0,-0.1,0.4,0.0,0.2,1.0,0.98,0.45,0.2,0.08,0.08,1.35,0.05,0.95,False,True,constant,True,rouwenhorst,replacement_rate,True,flat
3b6b084f501e2a,held_out_models/3b6b084f501e2a,True,,1.0,0.1,0.0,1e-08,0.05,0.5,0.5,100000000.0,1e-06,0.05,10000.0,20.0,1.0,0.75,0.95,25.0,0.001,0.02,5.0,1e-06,0.0,0.02,2.0,0.0,80.0,25.0,65.0,2.0,0.0,0.3,0.015,0.0,0.3,0.0,-0.1,0.1,0.0,0.1,1.0,0.9,0.25,0.2,0.25,0.08,1.35,0.02,0.95,False,True,constant,True,rouwenhorst,replacement_rate,True,none
3bc5ce47f822ba,held_out_models/3bc5ce47f822ba,True,,1.0,0.06,0.0,1e-08,0.1,2.0,0.5,100000000.0,1e-06,0.1,10000.0,20.0,1.0,0.75,0.95,25.0,0.001,0.02,5.0,1e-06,0.0,0.02,2.0,0.0,80.0,25.0,65.0,6.0,0.0,0.3,0.075,0.0,0.7,0.0,-0.1,0.1,0.0,0.1,1.0,0.9,0.45,0.2,0.25,0.08,1.35,0.05,0.95,False,True,constant,True,rouwenhorst,replacement_rate,True,flat
3c5e240671fe7d,held_out_models/3c5e240671fe7d,True,,1.0,0.06,0.0,1e-08,0.1,2.0,0.5,100000000.0,1e-06,0.05,10000.0,20.0,1.0,0.75,0.95,25.0,0.001,0.02,5.0,1e-06,0.0,0.01,2.0,0.0,80.0,25.0,65.0,6.0,0.0,0.85,0.015,0.0,0.5,0.0,-0.1,0.25,0.0,0.35,1.0,0.9,0.45,0.2,0.08,0.08,1.35,0.02,0.95,False,True,constant,True,rouwenhorst,replacement_rate,True,progressive
3c73a3f9ef7c1a,held_out_models/3c73a3f9ef7c1a,True,,1.0,0.15,0.0,1e-08,0.0,0.5,0.5,100000000.0,1e-06,0.05,10000.0,20.0,1.0,0.75,0.97,25.0,0.001,0.06,5.0,1e-06,0.0,0.01,2.0,0.0,80.0,25.0,65.0,4.0,0.0,0.85,0.015,0.0,0.5,0.0,-0.1,0.4,0.0,0.1,1.0,0.95,0.25,0.2,0.08,0.08,1.35,0.05,0.95,False,True,constant,True,rouwenhorst,replacement_rate,True,flat
3e587392ed8ba9,held_out_models/3e587392ed8ba9,True,,1.0,0.1,0.0,1e-08,0.1,8.0,0.5,100000000.0,1e-06,0.05,10000.0,20.0,1.0,0.75,0.92,25.0,0.001,0.04,5.0,1e-06,0.0,0.02,2.0,0.0,80.0,25.0,65.0,4.0,0.0,0.3,0.075,0.0,0.3,0.0,-0.1,0.4,0.0,0.1,1.0,0.9,0.25,0.2,0.15,0.08,1.35,0.02,0.95,False,True,constant,True,rouwenhorst,replacement_rate,True,flat
3efe0ef5ab3787,held_out_models/3efe0ef5ab3787,True,,1.0,0.1,0.0,1e-08,0.1,8.0,0.5,100000000.0,1e-06,0.05,10000.0,20.0,1.0,0.75,0.97,25.0,0.001,0.04,5.0,1e-06,0.0,0.0,2.0,0.0,80.0,25.0,65.0,4.0,0.0,0.3,0.075,0.0,0.5,0.0,-0.1,0.25,0.0,0.1,1.0,0.9,0.45,0.2,0.25,0.08,1.35,0.02,0.95,False,True,constant,True,rouwenhorst,replacement_rate,True,flat
3f9124fdd051f3,held_out_models/3f9124fdd051f3,True,,1.0,0.1,0.0,1e-08,0.05,0.5,0.5,100000000.0,1e-06,0.0,10000.0,20.0,1.0,0.75,0.92,25.0,0.001,0.06,5.0,1e-06,0.0,0.01,2.0,0.0,80.0,25.0,65.0,4.0,0.0,0.3,0.015,0.0,0.7,0.0,-0.1,0.25,0.0,0.35,1.0,0.9,0.65,0.2,0.25,0.08,1.35,0.02,0.95,False,True,constant,True,rouwenhorst,replacement_rate,True,progressive
4017ed415750e8,held_out_models/4017ed415750e8,True,,1.0,0.1,0.0,1e-08,0.05,2.0,0.5,100000000.0,1e-06,0.0,10000.0,20.0,1.0,0.75,0.97,25.0,0.001,0.04,5.0,1e-06,0.0,0.0,2.0,0.0,80.0,25.0,65.0,2.0,0.0,0.85,0.015,0.0,0.7,0.0,-0.1,0.4,0.0,0.2,1.0,0.95,0.65,0.2,0.25,0.08,1.35,0.02,0.95,False,True,constant,True,rouwenhorst,replacement_rate,True,none
40eb5ebcf70a91,held_out_models/40eb5ebcf70a91,True,,1.0,0.15,0.0,1e-08,0.1,0.5,0.5,100000000.0,1e-06,0.02,10000.0,20.0,1.0,0.75,0.97,25.0,0.001,0.04,5.0,1e-06,0.0,0.0,2.0,0.0,80.0,25.0,65.0,2.0,0.0,0.85,0.015,0.0,0.3,0.0,-0.1,0.1,0.0,0.2,1.0,0.9,0.65,0.2,0.15,0.08,1.35,0.05,0.95,False,True,constant,True,rouwenhorst,replacement_rate,True,flat
461c370809c6e6,held_out_models/461c370809c6e6,True,,1.0,0.06,0.0,1e-08,0.05,8.0,0.5,100000000.0,1e-06,0.02,10000.0,20.0,1.0,0.75,0.985,25.0,0.001,0.02,5.0,1e-06,0.0,0.0,2.0,0.0,80.0,25.0,65.0,6.0,0.0,0.3,0.035,0.0,0.7,0.0,-0.1,0.1,0.0,0.1,1.0,0.9,0.25,0.2,0.08,0.08,1.35,0.02,0.95,False,True,constant,True,rouwenhorst,replacement_rate,True,flat
48d1e5f9e638a4,held_out_models/48d1e5f9e638a4,True,,1.0,0.15,0.0,1e-08,0.0,0.5,0.5,100000000.0,1e-06,0.05,10000.0,20.0,1.0,0.75,0.985,25.0,0.001,0.04,5.0,1e-06,0.0,0.02,2.0,0.0,80.0,25.0,65.0,6.0,0.0,0.85,0.035,0.0,0.7,0.0,-0.1,0.25,0.0,0.2,1.0,0.95,0.65,0.2,0.25,0.08,1.35,0.05,0.95,False,True,constant,True,rouwenhorst,replacement_rate,True,progressive
48fc9fe18d0f17,held_out_models/48fc9fe18d0f17,True,,1.0,0.1,0.0,1e-08,0.0,8.0,0.5,100000000.0,1e-06,0.02,10000.0,20.0,1.0,0.75,0.95,25.0,0.001,0.06,5.0,1e-06,0.0,0.01,2.0,0.0,80.0,25.0,65.0,2.0,0.0,0.85,0.015,0.0,0.5,0.0,-0.1,0.1,0.0,0.2,1.0,0.98,0.65,0.2,0.25,0.08,1.35,0.02,0.95,False,True,constant,True,rouwenhorst,replacement_rate,True,flat
49c20a123827d1,held_out_models/49c20a123827d1,True,,1.0,0.06,0.0,1e-08,0.1,2.0,0.5,100000000.0,1e-06,0.02,10000.0,20.0,1.0,0.75,0.95,25.0,0.001,0.06,5.0,1e-06,0.0,0.01,2.0,0.0,80.0,25.0,65.0,6.0,0.0,0.6,0.015,0.0,0.7,0.0,-0.1,0.4,0.0,0.2,1.0,0.9,0.45,0.2,0.08,0.08,1.35,0.05,0.95,False,True,constant,True,rouwenhorst,replacement_rate,True,none
4c2d2f3bb0bcf7,held_out_models/4c2d2f3bb0bcf7,True,,1.0,0.15,0.0,1e-08,0.05,2.0,0.5,100000000.0,1e-06,0.05,10000.0,20.0,1.0,0.75,0.97,25.0,0.001,0.06,5.0,1e-06,0.0,0.01,2.0,0.0,80.0,25.0,65.0,6.0,0.0,0.3,0.075,0.0,0.5,0.0,-0.1,0.4,0.0,0.1,1.0,0.95,0.65,0.2,0.15,0.08,1.35,0.02,0.95,False,True,constant,True,rouwenhorst,replacement_rate,True,progressive
4d59e3ef04daa0,held_out_models/4d59e3ef04daa0,True,,1.0,0.06,0.0,1e-08,0.0,2.0,0.5,100000000.0,1e-06,0.05,10000.0,20.0,1.0,0.75,0.985,25.0,0.001,0.04,5.0,1e-06,0.0,0.02,2.0,0.0,80.0,25.0,65.0,2.0,0.0,0.3,0.015,0.0,0.7,0.0,-0.1,0.25,0.0,0.2,1.0,0.95,0.25,0.2,0.15,0.08,1.35,0.02,0.95,False,True,constant,True,rouwenhorst,replacement_rate,True,none
4d7144d19f157c,held_out_models/4d7144d19f157c,True,,1.0,0.15,0.0,1e-08,0.05,2.0,0.5,100000000.0,1e-06,0.02,10000.0,20.0,1.0,0.75,0.92,25.0,0.001,0.04,5.0,1e-06,0.0,0.02,2.0,0.0,80.0,25.0,65.0,2.0,0.0,0.3,0.035,0.0,0.7,0.0,-0.1,0.1,0.0,0.2,1.0,0.95,0.45,0.2,0.25,0.08,1.35,0.02,0.95,False,True,constant,True,rouwenhorst,replacement_rate,True,flat
4dd5f95268b90b,held_out_models/4dd5f95268b90b,True,,1.0,0.1,0.0,1e-08,0.05,8.0,0.5,100000000.0,1e-06,0.0,10000.0,20.0,1.0,0.75,0.95,25.0,0.001,0.04,5.0,1e-06,0.0,0.01,2.0,0.0,80.0,25.0,65.0,6.0,0.0,0.6,0.015,0.0,0.3,0.0,-0.1,0.25,0.0,0.2,1.0,0.95,0.45,0.2,0.15,0.08,1.35,0.05,0.95,False,True,constant,True,rouwenhorst,replacement_rate,True,flat
52ed57e27da170,held_out_models/52ed57e27da170,True,,1.0,0.1,0.0,1e-08,0.0,2.0,0.5,100000000.0,1e-06,0.02,10000.0,20.0,1.0,0.75,0.95,25.0,0.001,0.02,5.0,1e-06,0.0,0.02,2.0,0.0,80.0,25.0,65.0,6.0,0.0,0.6,0.015,0.0,0.7,0.0,-0.1,0.4,0.0,0.2,1.0,0.95,0.45,0.2,0.15,0.08,1.35,0.02,0.95,False,True,constant,True,rouwenhorst,replacement_rate,True,progressive
5464f2ff9c83a0,held_out_models/5464f2ff9c83a0,True,,1.0,0.15,0.0,1e-08,0.1,0.5,0.5,100000000.0,1e-06,0.1,10000.0,20.0,1.0,0.75,0.985,25.0,0.001,0.02,5.0,1e-06,0.0,0.02,2.0,0.0,80.0,25.0,65.0,2.0,0.0,0.6,0.035,0.0,0.5,0.0,-0.1,0.25,0.0,0.35,1.0,0.9,0.25,0.2,0.25,0.08,1.35,0.05,0.95,False,True,constant,True,rouwenhorst,replacement_rate,True,none
546e58b7188504,held_out_models/546e58b7188504,True,,1.0,0.1,0.0,1e-08,0.1,0.5,0.5,100000000.0,1e-06,0.05,10000.0,20.0,1.0,0.75,0.92,25.0,0.001,0.02,5.0,1e-06,0.0,0.01,2.0,0.0,80.0,25.0,65.0,4.0,0.0,0.6,0.035,0.0,0.5,0.0,-0.1,0.1,0.0,0.2,1.0,0.95,0.65,0.2,0.25,0.08,1.35,0.05,0.95,False,True,constant,True,rouwenhorst,replacement_rate,True,none
5536845f29b8e0,held_out_models/5536845f29b8e0,True,,1.0,0.1,0.0,1e-08,0.05,2.0,0.5,100000000.0,1e-06,0.0,10000.0,20.0,1.0,0.75,0.985,25.0,0.001,0.06,5.0,1e-06,0.0,0.0,2.0,0.0,80.0,25.0,65.0,2.0,0.0,0.3,0.015,0.0,0.3,0.0,-0.1,0.25,0.0,0.1,1.0,0.95,0.45,0.2,0.25,0.08,1.35,0.02,0.95,False,True,constant,True,rouwenhorst,replacement_rate,True,progressive
55f10ee3b3628b,held_out_models/55f10ee3b3628b,True,,1.0,0.1,0.0,1e-08,0.05,2.0,0.5,100000000.0,1e-06,0.0,10000.0,20.0,1.0,0.75,0.985,25.0,0.001,0.04,5.0,1e-06,0.0,0.02,2.0,0.0,80.0,25.0,65.0,2.0,0.0,0.6,0.075,0.0,0.7,0.0,-0.1,0.4,0.0,0.35,1.0,0.9,0.25,0.2,0.15,0.08,1.35,0.05,0.95,False,True,constant,True,rouwenhorst,replacement_rate,True,none
5818ad2f968469,held_out_models/5818ad2f968469,True,,1.0,0.1,0.0,1e-08,0.05,8.0,0.5,100000000.0,1e-06,0.05,10000.0,20.0,1.0,0.75,0.95,25.0,0.001,0.04,5.0,1e-06,0.0,0.0,2.0,0.0,80.0,25.0,65.0,4.0,0.0,0.6,0.035,0.0,0.5,0.0,-0.1,0.1,0.0,0.2,1.0,0.9,0.45,0.2,0.15,0.08,1.35,0.02,0.95,False,True,constant,True,rouwenhorst,replacement_rate,True,flat
5a00627a8f3ad2,held_out_models/5a00627a8f3ad2,True,,1.0,0.15,0.0,1e-08,0.0,0.5,0.5,100000000.0,1e-06,0.1,10000.0,20.0,1.0,0.75,0.97,25.0,0.001,0.02,5.0,1e-06,0.0,0.01,2.0,0.0,80.0,25.0,65.0,4.0,0.0,0.3,0.035,0.0,0.7,0.0,-0.1,0.1,0.0,0.2,1.0,0.9,0.45,0.2,0.25,0.08,1.35,0.05,0.95,False,True,constant,True,rouwenhorst,replacement_rate,True,none
5b5747bb5d22b5,held_out_models/5b5747bb5d22b5,True,,1.0,0.06,0.0,1e-08,0.05,2.0,0.5,100000000.0,1e-06,0.1,10000.0,20.0,1.0,0.75,0.95,25.0,0.001,0.06,5.0,1e-06,0.0,0.02,2.0,0.0,80.0,25.0,65.0,4.0,0.0,0.3,0.035,0.0,0.5,0.0,-0.1,0.4,0.0,0.1,1.0,0.9,0.45,0.2,0.08,0.08,1.35,0.02,0.95,False,True,constant,True,rouwenhorst,replacement_rate,True,progressive
5c564c4ed2f2f8,held_out_models/5c564c4ed2f2f8,True,,1.0,0.15,0.0,1e-08,0.05,0.5,0.5,100000000.0,1e-06,0.05,10000.0,20.0,1.0,0.75,0.985,25.0,0.001,0.04,5.0,1e-06,0.0,0.01,2.0,0.0,80.0,25.0,65.0,6.0,0.0,0.85,0.015,0.0,0.5,0.0,-0.1,0.1,0.0,0.1,1.0,0.98,0.25,0.2,0.08,0.08,1.35,0.05,0.95,False,True,constant,True,rouwenhorst,replacement_rate,True,progressive
5ca53c652f0615,held_out_models/5ca53c652f0615,True,,1.0,0.1,0.0,1e-08,0.1,8.0,0.5,100000000.0,1e-06,0.05,10000.0,20.0,1.0,0.75,0.95,25.0,0.001,0.06,5.0,1e-06,0.0,0.02,2.0,0.0,80.0,25.0,65.0,4.0,0.0,0.85,0.015,0.0,0.3,0.0,-0.1,0.1,0.0,0.35,1.0,0.9,0.65,0.2,0.25,0.08,1.35,0.02,0.95,False,True,constant,True,rouwenhorst,replacement_rate,True,none
5d0bdb6f2c30ab,held_out_models/5d0bdb6f2c30ab,True,,1.0,0.1,0.0,1e-08,0.1,2.0,0.5,100000000.0,1e-06,0.0,10000.0,20.0,1.0,0.75,0.985,25.0,0.001,0.04,5.0,1e-06,0.0,0.0,2.0,0.0,80.0,25.0,65.0,6.0,0.0,0.85,0.035,0.0,0.3,0.0,-0.1,0.25,0.0,0.2,1.0,0.95,0.45,0.2,0.08,0.08,1.35,0.05,0.95,False,True,constant,True,rouwenhorst,replacement_rate,True,none
5e7a82f4b4813c,held_out_models/5e7a82f4b4813c,True,,1.0,0.06,0.0,1e-08,0.0,0.5,0.5,100000000.0,1e-06,0.0,10000.0,20.0,1.0,0.75,0.95,25.0,0.001,0.06,5.0,1e-06,0.0,0.01,2.0,0.0,80.0,25.0,65.0,2.0,0.0,0.3,0.075,0.0,0.3,0.0,-0.1,0.4,0.0,0.35,1.0,0.98,0.25,0.2,0.25,0.08,1.35,0.05,0.95,False,True,constant,True,rouwenhorst,replacement_rate,True,none
6132b81fff9010,held_out_models/6132b81fff9010,True,,1.0,0.06,0.0,1e-08,0.05,0.5,0.5,100000000.0,1e-06,0.02,10000.0,20.0,1.0,0.75,0.92,25.0,0.001,0.02,5.0,1e-06,0.0,0.02,2.0,0.0,80.0,25.0,65.0,2.0,0.0,0.85,0.015,0.0,0.3,0.0,-0.1,0.25,0.0,0.1,1.0,0.98,0.25,0.2,0.08,0.08,1.35,0.02,0.95,False,True,constant,True,rouwenhorst,replacement_rate,True,flat
6159516628c6ff,held_out_models/6159516628c6ff,True,,1.0,0.15,0.0,1e-08,0.0,8.0,0.5,100000000.0,1e-06,0.0,10000.0,20.0,1.0,0.75,0.985,25.0,0.001,0.06,5.0,1e-06,0.0,0.01,2.0,0.0,80.0,25.0,65.0,4.0,0.0,0.6,0.035,0.0,0.5,0.0,-0.1,0.1,0.0,0.35,1.0,0.95,0.25,0.2,0.08,0.08,1.35,0.02,0.95,False,True,constant,True,rouwenhorst,replacement_rate,True,none
61be97d2d63851,held_out_models/61be97d2d63851,True,,1.0,0.1,0.0,1e-08,0.0,0.5,0.5,100000000.0,1e-06,0.02,10000.0,20.0,1.0,0.75,0.97,25.0,0.001,0.04,5.0,1e-06,0.0,0.0,2.0,0.0,80.0,25.0,65.0,4.0,0.0,0.6,0.015,0.0,0.5,0.0,-0.1,0.1,0.0,0.1,1.0,0.98,0.65,0.2,0.15,0.08,1.35,0.05,0.95,False,True,constant,True,rouwenhorst,replacement_rate,True,progressive
6488d6ac54f392,held_out_models/6488d6ac54f392,True,,1.0,0.06,0.0,1e-08,0.0,8.0,0.5,100000000.0,1e-06,0.0,10000.0,20.0,1.0,0.75,0.95,25.0,0.001,0.02,5.0,1e-06,0.0,0.02,2.0,0.0,80.0,25.0,65.0,2.0,0.0,0.3,0.015,0.0,0.5,0.0,-0.1,0.25,0.0,0.35,1.0,0.95,0.65,0.2,0.08,0.08,1.35,0.02,0.95,False,True,constant,True,rouwenhorst,replacement_rate,True,none
64a3565008af83,held_out_models/64a3565008af83,True,,1.0,0.1,0.0,1e-08,0.0,2.0,0.5,100000000.0,1e-06,0.1,10000.0,20.0,1.0,0.75,0.95,25.0,0.001,0.04,5.0,1e-06,0.0,0.01,2.0,0.0,80.0,25.0,65.0,2.0,0.0,0.6,0.075,0.0,0.5,0.0,-0.1,0.1,0.0,0.1,1.0,0.95,0.25,0.2,0.25,0.08,1.35,0.05,0.95,False,True,constant,True,rouwenhorst,replacement_rate,True,flat
64ce9b9a32c807,held_out_models/64ce9b9a32c807,True,,1.0,0.1,0.0,1e-08,0.0,2.0,0.5,100000000.0,1e-06,0.02,10000.0,20.0,1.0,0.75,0.95,25.0,0.001,0.02,5.0,1e-06,0.0,0.02,2.0,0.0,80.0,25.0,65.0,4.0,0.0,0.3,0.035,0.0,0.7,0.0,-0.1,0.4,0.0,0.1,1.0,0.95,0.65,0.2,0.25,0.08,1.35,0.05,0.95,False,True,constant,True,rouwenhorst,replacement_rate,True,progressive
65709c37b4a141,held_out_models/65709c37b4a141,True,,1.0,0.1,0.0,1e-08,0.1,0.5,0.5,100000000.0,1e-06,0.02,10000.0,20.0,1.0,0.75,0.97,25.0,0.001,0.06,5.0,1e-06,0.0,0.01,2.0,0.0,80.0,25.0,65.0,4.0,0.0,0.85,0.015,0.0,0.5,0.0,-0.1,0.4,0.0,0.2,1.0,0.98,0.65,0.2,0.08,0.08,1.35,0.02,0.95,False,True,constant,True,rouwenhorst,replacement_rate,True,none
6582a04be6d922,held_out_models/6582a04be6d922,True,,1.0,0.06,0.0,1e-08,0.0,0.5,0.5,100000000.0,1e-06,0.05,10000.0,20.0,1.0,0.75,0.92,25.0,0.001,0.04,5.0,1e-06,0.0,0.01,2.0,0.0,80.0,25.0,65.0,4.0,0.0,0.3,0.035,0.0,0.7,0.0,-0.1,0.4,0.0,0.1,1.0,0.9,0.45,0.2,0.25,0.08,1.35,0.05,0.95,False,True,constant,True,rouwenhorst,replacement_rate,True,none
6751281667c2c4,held_out_models/6751281667c2c4,True,,1.0,0.15,0.0,1e-08,0.05,8.0,0.5,100000000.0,1e-06,0.0,10000.0,20.0,1.0,0.75,0.95,25.0,0.001,0.04,5.0,1e-06,0.0,0.0,2.0,0.0,80.0,25.0,65.0,6.0,0.0,0.6,0.035,0.0,0.3,0.0,-0.1,0.4,0.0,0.2,1.0,0.9,0.25,0.2,0.25,0.08,1.35,0.02,0.95,False,True,constant,True,rouwenhorst,replacement_rate,True,progressive
68c7395861bdfa,held_out_models/68c7395861bdfa,True,,1.0,0.1,0.0,1e-08,0.05,8.0,0.5,100000000.0,1e-06,0.02,10000.0,20.0,1.0,0.75,0.92,25.0,0.001,0.04,5.0,1e-06,0.0,0.01,2.0,0.0,80.0,25.0,65.0,6.0,0.0,0.6,0.035,0.0,0.7,0.0,-0.1,0.1,0.0,0.35,1.0,0.9,0.65,0.2,0.15,0.08,1.35,0.05,0.95,False,True,constant,True,rouwenhorst,replacement_rate,True,flat
6a4fa8036c4d51,held_out_models/6a4fa8036c4d51,True,,1.0,0.06,0.0,1e-08,0.05,2.0,0.5,100000000.0,1e-06,0.1,10000.0,20.0,1.0,0.75,0.97,25.0,0.001,0.06,5.0,1e-06,0.0,0.02,2.0,0.0,80.0,25.0,65.0,2.0,0.0,0.6,0.075,0.0,0.3,0.0,-0.1,0.1,0.0,0.2,1.0,0.9,0.45,0.2,0.15,0.08,1.35,0.02,0.95,False,True,constant,True,rouwenhorst,replacement_rate,True,flat
6ad8f33582761e,held_out_models/6ad8f33582761e,True,,1.0,0.1,0.0,1e-08,0.0,8.0,0.5,100000000.0,1e-06,0.0,10000.0,20.0,1.0,0.75,0.92,25.0,0.001,0.06,5.0,1e-06,0.0,0.02,2.0,0.0,80.0,25.0,65.0,4.0,0.0,0.3,0.015,0.0,0.5,0.0,-0.1,0.25,0.0,0.35,1.0,0.9,0.25,0.2,0.25,0.08,1.35,0.05,0.95,False,True,constant,True,rouwenhorst,replacement_rate,True,progressive
6cd24b0c8ed1ed,held_out_models/6cd24b0c8ed1ed,True,,1.0,0.1,0.0,1e-08,0.0,8.0,0.5,100000000.0,1e-06,0.1,10000.0,20.0,1.0,0.75,0.95,25.0,0.001,0.06,5.0,1e-06,0.0,0.0,2.0,0.0,80.0,25.0,65.0,2.0,0.0,0.85,0.075,0.0,0.3,0.0,-0.1,0.1,0.0,0.35,1.0,0.95,0.25,0.2,0.25,0.08,1.35,0.05,0.95,False,True,constant,True,rouwenhorst,replacement_rate,True,flat
6cd8baeb18dced,held_out_models/6cd8baeb18dced,True,,1.0,0.06,0.0,1e-08,0.0,0.5,0.5,100000000.0,1e-06,0.1,10000.0,20.0,1.0,0.75,0.92,25.0,0.001,0.02,5.0,1e-06,0.0,0.0,2.0,0.0,80.0,25.0,65.0,6.0,0.0,0.85,0.015,0.0,0.3,0.0,-0.1,0.4,0.0,0.1,1.0,0.98,0.25,0.2,0.08,0.08,1.35,0.02,0.95,False,True,constant,True,rouwenhorst,replacement_rate,True,none
6d619794230497,held_out_models/6d619794230497,True,,1.0,0.15,0.0,1e-08,0.0,0.5,0.5,100000000.0,1e-06,0.1,10000.0,20.0,1.0,0.75,0.92,25.0,0.001,0.04,5.0,1e-06,0.0,0.0,2.0,0.0,80.0,25.0,65.0,2.0,0.0,0.85,0.035,0.0,0.5,0.0,-0.1,0.1,0.0,0.2,1.0,0.98,0.65,0.2,0.08,0.08,1.35,0.02,0.95,False,True,constant,True,rouwenhorst,replacement_rate,True,flat
6d998761dcb350,held_out_models/6d998761dcb350,True,,1.0,0.1,0.0,1e-08,0.0,0.5,0.5,100000000.0,1e-06,0.05,10000.0,20.0,1.0,0.75,0.985,25.0,0.001,0.06,5.0,1e-06,0.0,0.01,2.0,0.0,80.0,25.0,65.0,6.0,0.0,0.85,0.015,0.0,0.7,0.0,-0.1,0.1,0.0,0.2,1.0,0.95,0.45,0.2,0.25,0.08,1.35,0.05,0.95,False,True,constant,True,rouwenhorst,replacement_rate,True,none
7007af58f7770d,held_out_models/7007af58f7770d,True,,1.0,0.1,0.0,1e-08,0.1,8.0,0.5,100000000.0,1e-06,0.05,10000.0,20.0,1.0,0.75,0.92,25.0,0.001,0.06,5.0,1e-06,0.0,0.0,2.0,0.0,80.0,25.0,65.0,4.0,0.0,0.6,0.035,0.0,0.3,0.0,-0.1,0.4,0.0,0.2,1.0,0.95,0.65,0.2,0.15,0.08,1.35,0.02,0.95,False,True,constant,True,rouwenhorst,replacement_rate,True,progressive
70a2bcfc669cfb,held_out_models/70a2bcfc669cfb,True,,1.0,0.1,0.0,1e-08,0.05,2.0,0.5,100000000.0,1e-06,0.0,10000.0,20.0,1.0,0.75,0.97,25.0,0.001,0.06,5.0,1e-06,0.0,0.02,2.0,0.0,80.0,25.0,65.0,4.0,0.0,0.6,0.075,0.0,0.5,0.0,-0.1,0.25,0.0,0.2,1.0,0.98,0.25,0.2,0.15,0.08,1.35,0.02,0.95,False,True,constant,True,rouwenhorst,replacement_rate,True,progressive
70f00e9dabb80b,held_out_models/70f00e9dabb80b,True,,1.0,0.06,0.0,1e-08,0.05,2.0,0.5,100000000.0,1e-06,0.05,10000.0,20.0,1.0,0.75,0.97,25.0,0.001,0.06,5.0,1e-06,0.0,0.01,2.0,0.0,80.0,25.0,65.0,4.0,0.0,0.6,0.035,0.0,0.7,0.0,-0.1,0.4,0.0,0.1,1.0,0.98,0.65,0.2,0.15,0.08,1.35,0.05,0.95,False,True,constant,True,rouwenhorst,replacement_rate,True,flat
735e7b88a5f798,held_out_models/735e7b88a5f798,True,,1.0,0.15,0.0,1e-08,0.0,0.5,0.5,100000000.0,1e-06,0.0,10000.0,20.0,1.0,0.75,0.92,25.0,0.001,0.02,5.0,1e-06,0.0,0.0,2.0,0.0,80.0,25.0,65.0,4.0,0.0,0.3,0.075,0.0,0.7,0.0,-0.1,0.25,0.0,0.2,1.0,0.9,0.25,0.2,0.15,0.08,1.35,0.05,0.95,False,True,constant,True,rouwenhorst,replacement_rate,True,none
7900b8fe7e9fb2,held_out_models/7900b8fe7e9fb2,True,,1.0,0.15,0.0,1e-08,0.05,0.5,0.5,100000000.0,1e-06,0.0,10000.0,20.0,1.0,0.75,0.95,25.0,0.001,0.04,5.0,1e-06,0.0,0.01,2.0,0.0,80.0,25.0,65.0,2.0,0.0,0.85,0.075,0.0,0.3,0.0,-0.1,0.1,0.0,0.35,1.0,0.95,0.65,0.2,0.25,0.08,1.35,0.05,0.95,False,True,constant,True,rouwenhorst,replacement_rate,True,none
7907372a50d95e,held_out_models/7907372a50d95e,True,,1.0,0.15,0.0,1e-08,0.05,8.0,0.5,100000000.0,1e-06,0.05,10000.0,20.0,1.0,0.75,0.97,25.0,0.001,0.04,5.0,1e-06,0.0,0.02,2.0,0.0,80.0,25.0,65.0,4.0,0.0,0.85,0.075,0.0,0.5,0.0,-0.1,0.25,0.0,0.1,1.0,0.9,0.25,0.2,0.25,0.08,1.35,0.02,0.95,False,True,constant,True,rouwenhorst,replacement_rate,True,progressive
7ba4b31e589566,held_out_models/7ba4b31e589566,True,,1.0,0.15,0.0,1e-08,0.0,8.0,0.5,100000000.0,1e-06,0.1,10000.0,20.0,1.0,0.75,0.92,25.0,0.001,0.02,5.0,1e-06,0.0,0.0,2.0,0.0,80.0,25.0,65.0,2.0,0.0,0.3,0.035,0.0,0.3,0.0,-0.1,0.25,0.0,0.1,1.0,0.9,0.25,0.2,0.08,0.08,1.35,0.05,0.95,False,True,constant,True,rouwenhorst,replacement_rate,True,flat
7ba7f4d3831dae,held_out_models/7ba7f4d3831dae,True,,1.0,0.15,0.0,1e-08,0.0,0.5,0.5,100000000.0,1e-06,0.1,10000.0,20.0,1.0,0.75,0.985,25.0,0.001,0.02,5.0,1e-06,0.0,0.02,2.0,0.0,80.0,25.0,65.0,4.0,0.0,0.3,0.075,0.0,0.3,0.0,-0.1,0.25,0.0,0.1,1.0,0.98,0.45,0.2,0.15,0.08,1.35,0.05,0.95,False,True,constant,True,rouwenhorst,replacement_rate,True,none
7ca74c3e04a257,held_out_models/7ca74c3e04a257,True,,1.0,0.1,0.0,1e-08,0.1,8.0,0.5,100000000.0,1e-06,0.0,10000.0,20.0,1.0,0.75,0.97,25.0,0.001,0.04,5.0,1e-06,0.0,0.0,2.0,0.0,80.0,25.0,65.0,4.0,0.0,0.6,0.035,0.0,0.3,0.0,-0.1,0.1,0.0,0.1,1.0,0.9,0.65,0.2,0.08,0.08,1.35,0.02,0.95,False,True,constant,True,rouwenhorst,replacement_rate,True,progressive
7e332c8a4be25f,held_out_models/7e332c8a4be25f,True,,1.0,0.1,0.0,1e-08,0.1,0.5,0.5,100000000.0,1e-06,0.05,10000.0,20.0,1.0,0.75,0.95,25.0,0.001,0.06,5.0,1e-06,0.0,0.01,2.0,0.0,80.0,25.0,65.0,6.0,0.0,0.6,0.015,0.0,0.5,0.0,-0.1,0.4,0.0,0.35,1.0,0.9,0.45,0.2,0.08,0.08,1.35,0.02,0.95,False,True,constant,True,rouwenhorst,replacement_rate,True,none
7f5f6e1212fcc4,held_out_models/7f5f6e1212fcc4,True,,1.0,0.1,0.0,1e-08,0.0,2.0,0.5,100000000.0,1e-06,0.0,10000.0,20.0,1.0,0.75,0.985,25.0,0.001,0.06,5.0,1e-06,0.0,0.01,2.0,0.0,80.0,25.0,65.0,4.0,0.0,0.3,0.035,0.0,0.5,0.0,-0.1,0.1,0.0,0.2,1.0,0.95,0.25,0.2,0.15,0.08,1.35,0.05,0.95,False,True,constant,True,rouwenhorst,replacement_rate,True,none
809fbc5114772b,held_out_models/809fbc5114772b,True,,1.0,0.06,0.0,1e-08,0.05,2.0,0.5,100000000.0,1e-06,0.02,10000.0,20.0,1.0,0.75,0.985,25.0,0.001,0.06,5.0,1e-06,0.0,0.01,2.0,0.0,80.0,25.0,65.0,4.0,0.0,0.3,0.015,0.0,0.5,0.0,-0.1,0.25,0.0,0.35,1.0,0.95,0.45,0.2,0.25,0.08,1.35,0.05,0.95,False,True,constant,True,rouwenhorst,replacement_rate,True,progressive
838dd3f32649a7,held_out_models/838dd3f32649a7,True,,1.0,0.15,0.0,1e-08,0.0,8.0,0.5,100000000.0,1e-06,0.0,10000.0,20.0,1.0,0.75,0.985,25.0,0.001,0.06,5.0,1e-06,0.0,0.01,2.0,0.0,80.0,25.0,65.0,2.0,0.0,0.6,0.015,0.0,0.3,0.0,-0.1,0.25,0.0,0.35,1.0,0.95,0.65,0.2,0.08,0.08,1.35,0.05,0.95,False,True,constant,True,rouwenhorst,replacement_rate,True,flat
840f0cfe509c2a,held_out_models/840f0cfe509c2a,True,,1.0,0.15,0.0,1e-08,0.0,2.0,0.5,100000000.0,1e-06,0.1,10000.0,20.0,1.0,0.75,0.97,25.0,0.001,0.06,5.0,1e-06,0.0,0.02,2.0,0.0,80.0,25.0,65.0,2.0,0.0,0.6,0.035,0.0,0.5,0.0,-0.1,0.1,0.0,0.2,1.0,0.95,0.25,0.2,0.15,0.08,1.35,0.02,0.95,False,True,constant,True,rouwenhorst,replacement_rate,True,flat
86834d405d3609,held_out_models/86834d405d3609,True,,1.0,0.06,0.0,1e-08,0.05,8.0,0.5,100000000.0,1e-06,0.0,10000.0,20.0,1.0,0.75,0.985,25.0,0.001,0.06,5.0,1e-06,0.0,0.02,2.0,0.0,80.0,25.0,65.0,6.0,0.0,0.3,0.015,0.0,0.5,0.0,-0.1,0.4,0.0,0.1,1.0,0.95,0.45,0.2,0.08,0.08,1.35,0.02,0.95,False,True,constant,True,rouwenhorst,replacement_rate,True,progressive
86c66bfed43901,held_out_models/86c66bfed43901,True,,1.0,0.15,0.0,1e-08,0.0,8.0,0.5,100000000.0,1e-06,0.1,10000.0,20.0,1.0,0.75,0.95,25.0,0.001,0.06,5.0,1e-06,0.0,0.0,2.0,0.0,80.0,25.0,65.0,2.0,0.0,0.3,0.035,0.0,0.3,0.0,-0.1,0.25,0.0,0.1,1.0,0.95,0.65,0.2,0.25,0.08,1.35,0.05,0.95,False,True,constant,True,rouwenhorst,replacement_rate,True,none
8861be5e480151,held_out_models/8861be5e480151,True,,1.0,0.15,0.0,1e-08,0.1,2.0,0.5,100000000.0,1e-06,0.0,10000.0,20.0,1.0,0.75,0.97,25.0,0.001,0.06,5.0,1e-06,0.0,0.01,2.0,0.0,80.0,25.0,65.0,2.0,0.0,0.6,0.035,0.0,0.3,0.0,-0.1,0.25,0.0,0.1,1.0,0.98,0.45,0.2,0.08,0.08,1.35,0.05,0.95,False,True,constant,True,rouwenhorst,replacement_rate,True,flat
8942d039927057,held_out_models/8942d039927057,True,,1.0,0.06,0.0,1e-08,0.1,8.0,0.5,100000000.0,1e-06,0.02,10000.0,20.0,1.0,0.75,0.92,25.0,0.001,0.06,5.0,1e-06,0.0,0.02,2.0,0.0,80.0,25.0,65.0,2.0,0.0,0.85,0.015,0.0,0.3,0.0,-0.1,0.4,0.0,0.2,1.0,0.98,0.65,0.2,0.15,0.08,1.35,0.05,0.95,False,True,constant,True,rouwenhorst,replacement_rate,True,none
894ee7c9574c7f,held_out_models/894ee7c9574c7f,True,,1.0,0.15,0.0,1e-08,0.1,8.0,0.5,100000000.0,1e-06,0.02,10000.0,20.0,1.0,0.75,0.97,25.0,0.001,0.04,5.0,1e-06,0.0,0.0,2.0,0.0,80.0,25.0,65.0,4.0,0.0,0.3,0.035,0.0,0.3,0.0,-0.1,0.25,0.0,0.2,1.0,0.9,0.25,0.2,0.15,0.08,1.35,0.02,0.95,False,True,constant,True,rouwenhorst,replacement_rate,True,progressive
8a2e1348902ce8,held_out_models/8a2e1348902ce8,True,,1.0,0.06,0.0,1e-08,0.1,2.0,0.5,100000000.0,1e-06,0.02,10000.0,20.0,1.0,0.75,0.97,25.0,0.001,0.06,5.0,1e-06,0.0,0.0,2.0,0.0,80.0,25.0,65.0,6.0,0.0,0.85,0.075,0.0,0.5,0.0,-0.1,0.25,0.0,0.2,1.0,0.9,0.65,0.2,0.08,0.08,1.35,0.02,0.95,False,True,constant,True,rouwenhorst,replacement_rate,True,flat
8b5ed32f2d1375,held_out_models/8b5ed32f2d1375,True,,1.0,0.1,0.0,1e-08,0.1,0.5,0.5,100000000.0,1e-06,0.02,10000.0,20.0,1.0,0.75,0.985,25.0,0.001,0.06,5.0,1e-06,0.0,0.01,2.0,0.0,80.0,25.0,65.0,4.0,0.0,0.3,0.015,0.0,0.3,0.0,-0.1,0.4,0.0,0.2,1.0,0.98,0.25,0.2,0.08,0.08,1.35,0.02,0.95,False,True,constant,True,rouwenhorst,replacement_rate,True,flat
8bc83d68f8944c,held_out_models/8bc83d68f8944c,True,,1.0,0.15,0.0,1e-08,0.1,0.5,0.5,100000000.0,1e-06,0.0,10000.0,20.0,1.0,0.75,0.985,25.0,0.001,0.04,5.0,1e-06,0.0,0.02,2.0,0.0,80.0,25.0,65.0,4.0,0.0,0.85,0.035,0.0,0.7,0.0,-0.1,0.25,0.0,0.1,1.0,0.98,0.45,0.2,0.15,0.08,1.35,0.02,0.95,False,True,constant,True,rouwenhorst,replacement_rate,True,flat
8ed3de652fd440,held_out_models/8ed3de652fd440,True,,1.0,0.1,0.0,1e-08,0.05,2.0,0.5,100000000.0,1e-06,0.02,10000.0,20.0,1.0,0.75,0.97,25.0,0.001,0.04,5.0,1e-06,0.0,0.01,2.0,0.0,80.0,25.0,65.0,2.0,0.0,0.85,0.075,0.0,0.3,0.0,-0.1,0.25,0.0,0.2,1.0,0.98,0.65,0.2,0.25,0.08,1.35,0.05,0.95,False,True,constant,True,rouwenhorst,replacement_rate,True,flat
8ee60d929091fa,held_out_models/8ee60d929091fa,True,,1.0,0.1,0.0,1e-08,0.0,0.5,0.5,100000000.0,1e-06,0.02,10000.0,20.0,1.0,0.75,0.95,25.0,0.001,0.06,5.0,1e-06,0.0,0.0,2.0,0.0,80.0,25.0,65.0,2.0,0.0,0.85,0.075,0.0,0.7,0.0,-0.1,0.25,0.0,0.2,1.0,0.98,0.45,0.2,0.25,0.08,1.35,0.05,0.95,False,True,constant,True,rouwenhorst,replacement_rate,True,progressive
90b9b6b6a60c65,held_out_models/90b9b6b6a60c65,True,,1.0,0.15,0.0,1e-08,0.1,2.0,0.5,100000000.0,1e-06,0.05,10000.0,20.0,1.0,0.75,0.985,25.0,0.001,0.02,5.0,1e-06,0.0,0.02,2.0,0.0,80.0,25.0,65.0,6.0,0.0,0.6,0.015,0.0,0.7,0.0,-0.1,0.25,0.0,0.1,1.0,0.9,0.45,0.2,0.15,0.08,1.35,0.05,0.95,False,True,constant,True,rouwenhorst,replacement_rate,True,none
917d2611863b99,held_out_models/917d2611863b99,True,,1.0,0.15,0.0,1e-08,0.05,8.0,0.5,100000000.0,1e-06,0.1,10000.0,20.0,1.0,0.75,0.95,25.0,0.001,0.06,5.0,1e-06,0.0,0.0,2.0,0.0,80.0,25.0,65.0,2.0,0.0,0.3,0.075,0.0,0.3,0.0,-0.1,0.25,0.0,0.2,1.0,0.95,0.25,0.2,0.08,0.08,1.35,0.02,0.95,False,True,constant,True,rouwenhorst,replacement_rate,True,none
9388eaf193459f,held_out_models/9388eaf193459f,True,,1.0,0.15,0.0,1e-08,0.0,8.0,0.5,100000000.0,1e-06,0.1,10000.0,20.0,1.0,0.75,0.95,25.0,0.001,0.06,5.0,1e-06,0.0,0.0,2.0,0.0,80.0,25.0,65.0,6.0,0.0,0.3,0.075,0.0,0.5,0.0,-0.1,0.25,0.0,0.2,1.0,0.95,0.25,0.2,0.08,0.08,1.35,0.05,0.95,False,True,constant,True,rouwenhorst,replacement_rate,True,progressive
93af9efc31f208,held_out_models/93af9efc31f208,True,,1.0,0.1,0.0,1e-08,0.05,8.0,0.5,100000000.0,1e-06,0.1,10000.0,20.0,1.0,0.75,0.92,25.0,0.001,0.06,5.0,1e-06,0.0,0.01,2.0,0.0,80.0,25.0,65.0,2.0,0.0,0.85,0.075,0.0,0.7,0.0,-0.1,0.1,0.0,0.2,1.0,0.98,0.65,0.2,0.25,0.08,1.35,0.02,0.95,False,True,constant,True,rouwenhorst,replacement_rate,True,flat
948cf556b09e92,held_out_models/948cf556b09e92,True,,1.0,0.15,0.0,1e-08,0.1,2.0,0.5,100000000.0,1e-06,0.05,10000.0,20.0,1.0,0.75,0.92,25.0,0.001,0.06,5.0,1e-06,0.0,0.01,2.0,0.0,80.0,25.0,65.0,6.0,0.0,0.85,0.015,0.0,0.7,0.0,-0.1,0.25,0.0,0.1,1.0,0.98,0.65,0.2,0.15,0.08,1.35,0.02,0.95,False,True,constant,True,rouwenhorst,replacement_rate,True,flat
96139bef482aa1,held_out_models/96139bef482aa1,True,,1.0,0.06,0.0,1e-08,0.1,2.0,0.5,100000000.0,1e-06,0.1,10000.0,20.0,1.0,0.75,0.95,25.0,0.001,0.02,5.0,1e-06,0.0,0.01,2.0,0.0,80.0,25.0,65.0,2.0,0.0,0.6,0.035,0.0,0.5,0.0,-0.1,0.1,0.0,0.1,1.0,0.95,0.25,0.2,0.08,0.08,1.35,0.05,0.95,False,True,constant,True,rouwenhorst,replacement_rate,True,progressive
987d3626639169,held_out_models/987d3626639169,True,,1.0,0.1,0.0,1e-08,0.05,0.5,0.5,100000000.0,1e-06,0.1,10000.0,20.0,1.0,0.75,0.97,25.0,0.001,0.02,5.0,1e-06,0.0,0.02,2.0,0.0,80.0,25.0,65.0,4.0,0.0,0.6,0.075,0.0,0.3,0.0,-0.1,0.25,0.0,0.35,1.0,0.9,0.25,0.2,0.25,0.08,1.35,0.05,0.95,False,True,constant,True,rouwenhorst,replacement_rate,True,none
99191887582d0c,held_out_models/99191887582d0c,True,,1.0,0.15,0.0,1e-08,0.0,2.0,0.5,100000000.0,1e-06,0.05,10000.0,20.0,1.0,0.75,0.92,25.0,0.001,0.06,5.0,1e-06,0.0,0.0,2.0,0.0,80.0,25.0,65.0,4.0,0.0,0.6,0.035,0.0,0.5,0.0,-0.1,0.1,0.0,0.1,1.0,0.98,0.45,0.2,0.08,0.08,1.35,0.05,0.95,False,True,constant,True,rouwenhorst,replacement_rate,True,progressive
9aa091a2685b49,held_out_models/9aa091a2685b49,True,,1.0,0.06,0.0,1e-08,0.1,8.0,0.5,100000000.0,1e-06,0.05,10000.0,20.0,1.0,0.75,0.97,25.0,0.001,0.06,5.0,1e-06,0.0,0.0,2.0,0.0,80.0,25.0,65.0,4.0,0.0,0.6,0.015,0.0,0.7,0.0,-0.1,0.25,0.0,0.1,1.0,0.95,0.25,0.2,0.08,0.08,1.35,0.05,0.95,False,True,constant,True,rouwenhorst,replacement_rate,True,flat
9c76d702159847,held_out_models/9c76d702159847,True,,1.0,0.15,0.0,1e-08,0.0,8.0,0.5,100000000.0,1e-06,0.02,10000.0,20.0,1.0,0.75,0.985,25.0,0.001,0.06,5.0,1e-06,0.0,0.01,2.0,0.0,80.0,25.0,65.0,2.0,0.0,0.6,0.075,0.0,0.5,0.0,-0.1,0.4,0.0,0.35,1.0,0.98,0.45,0.2,0.08,0.08,1.35,0.05,0.95,False,True,constant,True,rouwenhorst,replacement_rate,True,progressive
9cd9ef874fc845,held_out_models/9cd9ef874fc845,True,,1.0,0.1,0.0,1e-08,0.1,8.0,0.5,100000000.0,1e-06,0.05,10000.0,20.0,1.0,0.75,0.985,25.0,0.001,0.02,5.0,1e-06,0.0,0.01,2.0,0.0,80.0,25.0,65.0,2.0,0.0,0.3,0.075,0.0,0.7,0.0,-0.1,0.25,0.0,0.1,1.0,0.9,0.45,0.2,0.08,0.08,1.35,0.05,0.95,False,True,constant,True,rouwenhorst,replacement_rate,True,flat
9d6253e5628eda,held_out_models/9d6253e5628eda,True,,1.0,0.1,0.0,1e-08,0.05,0.5,0.5,100000000.0,1e-06,0.05,10000.0,20.0,1.0,0.75,0.92,25.0,0.001,0.02,5.0,1e-06,0.0,0.01,2.0,0.0,80.0,25.0,65.0,2.0,0.0,0.85,0.075,0.0,0.7,0.0,-0.1,0.25,0.0,0.2,1.0,0.98,0.45,0.2,0.15,0.08,1.35,0.02,0.95,False,True,constant,True,rouwenhorst,replacement_rate,True,flat
9d98da010a5b4b,held_out_models/9d98da010a5b4b,True,,1.0,0.06,0.0,1e-08,0.05,8.0,0.5,100000000.0,1e-06,0.0,10000.0,20.0,1.0,0.75,0.985,25.0,0.001,0.06,5.0,1e-06,0.0,0.02,2.0,0.0,80.0,25.0,65.0,6.0,0.0,0.85,0.035,0.0,0.3,0.0,-0.1,0.4,0.0,0.2,1.0,0.95,0.45,0.2,0.15,0.08,1.35,0.05,0.95,False,True,constant,True,rouwenhorst,replacement_rate,True,progressive
9df6506bdf7d68,held_out_models/9df6506bdf7d68,True,,1.0,0.1,0.0,1e-08,0.1,0.5,0.5,100000000.0,1e-06,0.1,10000.0,20.0,1.0,0.75,0.97,25.0,0.001,0.06,5.0,1e-06,0.0,0.0,2.0,0.0,80.0,25.0,65.0,2.0,0.0,0.85,0.035,0.0,0.3,0.0,-0.1,0.4,0.0,0.2,1.0,0.95,0.45,0.2,0.08,0.08,1.35,0.02,0.95,False,True,constant,True,rouwenhorst,replacement_rate,True,flat
9e332f1548c640,held_out_models/9e332f1548c640,True,,1.0,0.1,0.0,1e-08,0.0,0.5,0.5,100000000.0,1e-06,0.05,10000.0,20.0,1.0,0.75,0.985,25.0,0.001,0.02,5.0,1e-06,0.0,0.02,2.0,0.0,80.0,25.0,65.0,6.0,0.0,0.6,0.075,0.0,0.5,0.0,-0.1,0.25,0.0,0.1,1.0,0.98,0.65,0.2,0.25,0.08,1.35,0.02,0.95,False,True,constant,True,rouwenhorst,replacement_rate,True,none
9ecc4cb7c02d7b,held_out_models/9ecc4cb7c02d7b,True,,1.0,0.15,0.0,1e-08,0.1,8.0,0.5,100000000.0,1e-06,0.0,10000.0,20.0,1.0,0.75,0.92,25.0,0.001,0.04,5.0,1e-06,0.0,0.02,2.0,0.0,80.0,25.0,65.0,6.0,0.0,0.85,0.035,0.0,0.5,0.0,-0.1,0.1,0.0,0.1,1.0,0.95,0.25,0.2,0.15,0.08,1.35,0.02,0.95,False,True,constant,True,rouwenhorst,replacement_rate,True,progressive
9fb7b64bbfd186,held_out_models/9fb7b64bbfd186,True,,1.0,0.06,0.0,1e-08,0.05,2.0,0.5,100000000.0,1e-06,0.05,10000.0,20.0,1.0,0.75,0.95,25.0,0.001,0.04,5.0,1e-06,0.0,0.02,2.0,0.0,80.0,25.0,65.0,2.0,0.0,0.6,0.035,0.0,0.7,0.0,-0.1,0.25,0.0,0.1,1.0,0.9,0.65,0.2,0.25,0.08,1.35,0.02,0.95,False,True,constant,True,rouwenhorst,replacement_rate,True,flat
a009cb9d6564d4,held_out_models/a009cb9d6564d4,True,,1.0,0.06,0.0,1e-08,0.0,8.0,0.5,100000000.0,1e-06,0.1,10000.0,20.0,1.0,0.75,0.95,25.0,0.001,0.02,5.0,1e-06,0.0,0.0,2.0,0.0,80.0,25.0,65.0,4.0,0.0,0.6,0.035,0.0,0.3,0.0,-0.1,0.1,0.0,0.1,1.0,0.9,0.25,0.2,0.15,0.08,1.35,0.02,0.95,False,True,constant,True,rouwenhorst,replacement_rate,True,progressive
a370775a1dab29,held_out_models/a370775a1dab29,True,,1.0,0.15,0.0,1e-08,0.0,2.0,0.5,100000000.0,1e-06,0.0,10000.0,20.0,1.0,0.75,0.92,25.0,0.001,0.04,5.0,1e-06,0.0,0.02,2.0,0.0,80.0,25.0,65.0,2.0,0.0,0.85,0.075,0.0,0.5,0.0,-0.1,0.1,0.0,0.35,1.0,0.98,0.65,0.2,0.08,0.08,1.35,0.02,0.95,False,True,constant,True,rouwenhorst,replacement_rate,True,flat
a5d14406cfe7ee,held_out_models/a5d14406cfe7ee,True,,1.0,0.1,0.0,1e-08,0.0,0.5,0.5,100000000.0,1e-06,0.0,10000.0,20.0,1.0,0.75,0.97,25.0,0.001,0.04,5.0,1e-06,0.0,0.0,2.0,0.0,80.0,25.0,65.0,2.0,0.0,0.85,0.075,0.0,0.7,0.0,-0.1,0.25,0.0,0.1,1.0,0.9,0.25,0.2,0.25,0.08,1.35,0.05,0.95,False,True,constant,True,rouwenhorst,replacement_rate,True,flat
a6f0088b2bcc11,held_out_models/a6f0088b2bcc11,True,,1.0,0.06,0.0,1e-08,0.1,8.0,0.5,100000000.0,1e-06,0.1,10000.0,20.0,1.0,0.75,0.985,25.0,0.001,0.04,5.0,1e-06,0.0,0.01,2.0,0.0,80.0,25.0,65.0,2.0,0.0,0.85,0.035,0.0,0.3,0.0,-0.1,0.25,0.0,0.35,1.0,0.9,0.25,0.2,0.15,0.08,1.35,0.05,0.95,False,True,constant,True,rouwenhorst,replacement_rate,True,progressive
a710c79e1a8bfa,held_out_models/a710c79e1a8bfa,True,,1.0,0.1,0.0,1e-08,0.1,0.5,0.5,100000000.0,1e-06,0.0,10000.0,20.0,1.0,0.75,0.985,25.0,0.001,0.06,5.0,1e-06,0.0,0.01,2.0,0.0,80.0,25.0,65.0,6.0,0.0,0.85,0.015,0.0,0.7,0.0,-0.1,0.1,0.0,0.1,1.0,0.9,0.65,0.2,0.25,0.08,1.35,0.05,0.95,False,True,constant,True,rouwenhorst,replacement_rate,True,progressive
a8aacca1eb6135,held_out_models/a8aacca1eb6135,True,,1.0,0.06,0.0,1e-08,0.05,8.0,0.5,100000000.0,1e-06,0.05,10000.0,20.0,1.0,0.75,0.97,25.0,0.001,0.02,5.0,1e-06,0.0,0.0,2.0,0.0,80.0,25.0,65.0,6.0,0.0,0.85,0.075,0.0,0.7,0.0,-0.1,0.4,0.0,0.1,1.0,0.9,0.25,0.2,0.15,0.08,1.35,0.02,0.95,False,True,constant,True,rouwenhorst,replacement_rate,True,none
aa1cfe3ebac0ee,held_out_models/aa1cfe3ebac0ee,True,,1.0,0.1,0.0,1e-08,0.1,8.0,0.5,100000000.0,1e-06,0.0,10000.0,20.0,1.0,0.75,0.92,25.0,0.001,0.04,5.0,1e-06,0.0,0.02,2.0,0.0,80.0,25.0,65.0,4.0,0.0,0.6,0.075,0.0,0.3,0.0,-0.1,0.1,0.0,0.2,1.0,0.98,0.25,0.2,0.25,0.08,1.35,0.02,0.95,False,True,constant,True,rouwenhorst,replacement_rate,True,flat
aac16c208aa59e,held_out_models/aac16c208aa59e,True,,1.0,0.06,0.0,1e-08,0.05,8.0,0.5,100000000.0,1e-06,0.0,10000.0,20.0,1.0,0.75,0.97,25.0,0.001,0.04,5.0,1e-06,0.0,0.0,2.0,0.0,80.0,25.0,65.0,6.0,0.0,0.6,0.035,0.0,0.5,0.0,-0.1,0.1,0.0,0.1,1.0,0.95,0.65,0.2,0.25,0.08,1.35,0.02,0.95,False,True,constant,True,rouwenhorst,replacement_rate,True,none
ab0bc1de9e024c,held_out_models/ab0bc1de9e024c,True,,1.0,0.15,0.0,1e-08,0.0,8.0,0.5,100000000.0,1e-06,0.0,10000.0,20.0,1.0,0.75,0.985,25.0,0.001,0.02,5.0,1e-06,0.0,0.01,2.0,0.0,80.0,25.0,65.0,4.0,0.0,0.85,0.035,0.0,0.3,0.0,-0.1,0.4,0.0,0.2,1.0,0.95,0.65,0.2,0.08,0.08,1.35,0.02,0.95,False,True,constant,True,rouwenhorst,replacement_rate,True,progressive
ae7d4674a1988d,held_out_models/ae7d4674a1988d,True,,1.0,0.06,0.0,1e-08,0.1,8.0,0.5,100000000.0,1e-06,0.02,10000.0,20.0,1.0,0.75,0.92,25.0,0.001,0.04,5.0,1e-06,0.0,0.0,2.0,0.0,80.0,25.0,65.0,6.0,0.0,0.6,0.015,0.0,0.5,0.0,-0.1,0.25,0.0,0.35,1.0,0.9,0.45,0.2,0.15,0.08,1.35,0.02,0.95,False,True,constant,True,rouwenhorst,replacement_rate,True,progressive
ae9e4e03ae5337,held_out_models/ae9e4e03ae5337,True,,1.0,0.06,0.0,1e-08,0.1,2.0,0.5,100000000.0,1e-06,0.02,10000.0,20.0,1.0,0.75,0.985,25.0,0.001,0.04,5.0,1e-06,0.0,0.02,2.0,0.0,80.0,25.0,65.0,2.0,0.0,0.6,0.075,0.0,0.3,0.0,-0.1,0.1,0.0,0.2,1.0,0.9,0.45,0.2,0.25,0.08,1.35,0.02,0.95,False,True,constant,True,rouwenhorst,replacement_rate,True,none
aee3c6c36a72cd,held_out_models/aee3c6c36a72cd,True,,1.0,0.06,0.0,1e-08,0.05,8.0,0.5,100000000.0,1e-06,0.0,10000.0,20.0,1.0,0.75,0.95,25.0,0.001,0.02,5.0,1e-06,0.0,0.0,2.0,0.0,80.0,25.0,65.0,2.0,0.0,0.6,0.035,0.0,0.5,0.0,-0.1,0.4,0.0,0.35,1.0,0.9,0.45,0.2,0.08,0.08,1.35,0.02,0.95,False,True,constant,True,rouwenhorst,replacement_rate,True,none
afa21a84a4455e,held_out_models/afa21a84a4455e,True,,1.0,0.1,0.0,1e-08,0.1,8.0,0.5,100000000.0,1e-06,0.0,10000.0,20.0,1.0,0.75,0.985,25.0,0.001,0.02,5.0,1e-06,0.0,0.0,2.0,0.0,80.0,25.0,65.0,6.0,0.0,0.85,0.035,0.0,0.3,0.0,-0.1,0.1,0.0,0.1,1.0,0.98,0.25,0.2,0.25,0.08,1.35,0.05,0.95,False,True,constant,True,rouwenhorst,replacement_rate,True,progressive
b0cbf89e7731c8,held_out_models/b0cbf89e7731c8,True,,1.0,0.1,0.0,1e-08,0.0,0.5,0.5,100000000.0,1e-06,0.02,10000.0,20.0,1.0,0.75,0.985,25.0,0.001,0.06,5.0,1e-06,0.0,0.02,2.0,0.0,80.0,25.0,65.0,4.0,0.0,0.85,0.075,0.0,0.5,0.0,-0.1,0.25,0.0,0.1,1.0,0.98,0.45,0.2,0.15,0.08,1.35,0.02,0.95,False,True,constant,True,rouwenhorst,replacement_rate,True,flat
b158db1ecae975,held_out_models/b158db1ecae975,True,,1.0,0.06,0.0,1e-08,0.0,2.0,0.5,100000000.0,1e-06,0.1,10000.0,20.0,1.0,0.75,0.95,25.0,0.001,0.06,5.0,1e-06,0.0,0.0,2.0,0.0,80.0,25.0,65.0,6.0,0.0,0.3,0.015,0.0,0.7,0.0,-0.1,0.25,0.0,0.2,1.0,0.95,0.25,0.2,0.08,0.08,1.35,0.02,0.95,False,True,constant,True,rouwenhorst,replacement_rate,True,none
b2160c6be088c0,held_out_models/b2160c6be088c0,True,,1.0,0.15,0.0,1e-08,0.05,8.0,0.5,100000000.0,1e-06,0.02,10000.0,20.0,1.0,0.75,0.985,25.0,0.001,0.06,5.0,1e-06,0.0,0.01,2.0,0.0,80.0,25.0,65.0,2.0,0.0,0.85,0.035,0.0,0.7,0.0,-0.1,0.4,0.0,0.35,1.0,0.95,0.25,0.2,0.25,0.08,1.35,0.05,0.95,False,True,constant,True,rouwenhorst,replacement_rate,True,none
b5a39db9dcead1,held_out_models/b5a39db9dcead1,True,,1.0,0.06,0.0,1e-08,0.05,8.0,0.5,100000000.0,1e-06,0.0,10000.0,20.0,1.0,0.75,0.97,25.0,0.001,0.06,5.0,1e-06,0.0,0.0,2.0,0.0,80.0,25.0,65.0,4.0,0.0,0.6,0.015,0.0,0.5,0.0,-0.1,0.25,0.0,0.35,1.0,0.95,0.25,0.2,0.08,0.08,1.35,0.05,0.95,False,True,constant,True,rouwenhorst,replacement_rate,True,none
b66c591ecd9b9a,held_out_models/b66c591ecd9b9a,True,,1.0,0.1,0.0,1e-08,0.0,2.0,0.5,100000000.0,1e-06,0.1,10000.0,20.0,1.0,0.75,0.97,25.0,0.001,0.04,5.0,1e-06,0.0,0.02,2.0,0.0,80.0,25.0,65.0,4.0,0.0,0.6,0.015,0.0,0.3,0.0,-0.1,0.1,0.0,0.1,1.0,0.95,0.65,0.2,0.08,0.08,1.35,0.02,0.95,False,True,constant,True,rouwenhorst,replacement_rate,True,flat
b8cb19a24618de,held_out_models/b8cb19a24618de,True,,1.0,0.15,0.0,1e-08,0.0,2.0,0.5,100000000.0,1e-06,0.05,10000.0,20.0,1.0,0.75,0.97,25.0,0.001,0.06,5.0,1e-06,0.0,0.02,2.0,0.0,80.0,25.0,65.0,2.0,0.0,0.85,0.075,0.0,0.3,0.0,-0.1,0.1,0.0,0.2,1.0,0.98,0.65,0.2,0.08,0.08,1.35,0.05,0.95,False,True,constant,True,rouwenhorst,replacement_rate,True,none
b92d2598a25a0b,held_out_models/b92d2598a25a0b,True,,1.0,0.1,0.0,1e-08,0.05,8.0,0.5,100000000.0,1e-06,0.1,10000.0,20.0,1.0,0.75,0.95,25.0,0.001,0.02,5.0,1e-06,0.0,0.0,2.0,0.0,80.0,25.0,65.0,6.0,0.0,0.3,0.015,0.0,0.5,0.0,-0.1,0.25,0.0,0.1,1.0,0.95,0.45,0.2,0.08,0.08,1.35,0.05,0.95,False,True,constant,True,rouwenhorst,replacement_rate,True,none
b986f3af4472bf,held_out_models/b986f3af4472bf,True,,1.0,0.15,0.0,1e-08,0.0,0.5,0.5,100000000.0,1e-06,0.05,10000.0,20.0,1.0,0.75,0.95,25.0,0.001,0.04,5.0,1e-06,0.0,0.0,2.0,0.0,80.0,25.0,65.0,6.0,0.0,0.3,0.075,0.0,0.3,0.0,-0.1,0.25,0.0,0.1,1.0,0.9,0.65,0.2,0.25,0.08,1.35,0.05,0.95,False,True,constant,True,rouwenhorst,replacement_rate,True,flat
bab16bd52ae89f,held_out_models/bab16bd52ae89f,True,,1.0,0.06,0.0,1e-08,0.0,0.5,0.5,100000000.0,1e-06,0.02,10000.0,20.0,1.0,0.75,0.97,25.0,0.001,0.04,5.0,1e-06,0.0,0.0,2.0,0.0,80.0,25.0,65.0,2.0,0.0,0.85,0.015,0.0,0.3,0.0,-0.1,0.4,0.0,0.35,1.0,0.9,0.45,0.2,0.15,0.08,1.35,0.05,0.95,False,True,constant,True,rouwenhorst,replacement_rate,True,none
bc1b800f1b3c59,held_out_models/bc1b800f1b3c59,True,,1.0,0.15,0.0,1e-08,0.05,8.0,0.5,100000000.0,1e-06,0.05,10000.0,20.0,1.0,0.75,0.97,25.0,0.001,0.04,5.0,1e-06,0.0,0.0,2.0,0.0,80.0,25.0,65.0,2.0,0.0,0.85,0.035,0.0,0.3,0.0,-0.1,0.4,0.0,0.1,1.0,0.98,0.45,0.2,0.08,0.08,1.35,0.02,0.95,False,True,constant,True,rouwenhorst,replacement_rate,True,progressive
bc5e5fb7b10988,held_out_models/bc5e5fb7b10988,True,,1.0,0.1,0.0,1e-08,0.05,8.0,0.5,100000000.0,1e-06,0.02,10000.0,20.0,1.0,0.75,0.97,25.0,0.001,0.04,5.0,1e-06,0.0,0.0,2.0,0.0,80.0,25.0,65.0,6.0,0.0,0.6,0.015,0.0,0.7,0.0,-0.1,0.25,0.0,0.1,1.0,0.95,0.45,0.2,0.15,0.08,1.35,0.05,0.95,False,True,constant,True,rouwenhorst,replacement_rate,True,progressive
be008f65f0a883,held_out_models/be008f65f0a883,True,,1.0,0.15,0.0,1e-08,0.0,8.0,0.5,100000000.0,1e-06,0.05,10000.0,20.0,1.0,0.75,0.92,25.0,0.001,0.04,5.0,1e-06,0.0,0.0,2.0,0.0,80.0,25.0,65.0,6.0,0.0,0.6,0.075,0.0,0.7,0.0,-0.1,0.4,0.0,0.35,1.0,0.9,0.65,0.2,0.08,0.08,1.35,0.02,0.95,False,True,constant,True,rouwenhorst,replacement_rate,True,none
be4b42d265d93c,held_out_models/be4b42d265d93c,True,,1.0,0.06,0.0,1e-08,0.05,8.0,0.5,100000000.0,1e-06,0.0,10000.0,20.0,1.0,0.75,0.95,25.0,0.001,0.02,5.0,1e-06,0.0,0.02,2.0,0.0,80.0,25.0,65.0,2.0,0.0,0.3,0.075,0.0,0.7,0.0,-0.1,0.25,0.0,0.1,1.0,0.9,0.65,0.2,0.15,0.08,1.35,0.02,0.95,False,True,constant,True,rouwenhorst,replacement_rate,True,none
c369f10b4f70fa,held_out_models/c369f10b4f70fa,True,,1.0,0.15,0.0,1e-08,0.05,8.0,0.5,100000000.0,1e-06,0.0,10000.0,20.0,1.0,0.75,0.985,25.0,0.001,0.02,5.0,1e-06,0.0,0.01,2.0,0.0,80.0,25.0,65.0,2.0,0.0,0.6,0.035,0.0,0.5,0.0,-0.1,0.4,0.0,0.35,1.0,0.9,0.65,0.2,0.15,0.08,1.35,0.02,0.95,False,True,constant,True,rouwenhorst,replacement_rate,True,progressive
c3bcb175c46893,held_out_models/c3bcb175c46893,True,,1.0,0.15,0.0,1e-08,0.1,0.5,0.5,100000000.0,1e-06,0.05,10000.0,20.0,1.0,0.75,0.92,25.0,0.001,0.06,5.0,1e-06,0.0,0.01,2.0,0.0,80.0,25.0,65.0,4.0,0.0,0.3,0.035,0.0,0.3,0.0,-0.1,0.1,0.0,0.1,1.0,0.98,0.45,0.2,0.25,0.08,1.35,0.05,0.95,False,True,constant,True,rouwenhorst,replacement_rate,True,flat
c554a874de7dec,held_out_models/c554a874de7dec,True,,1.0,0.06,0.0,1e-08,0.05,8.0,0.5,100000000.0,1e-06,0.05,10000.0,20.0,1.0,0.75,0.95,25.0,0.001,0.02,5.0,1e-06,0.0,0.02,2.0,0.0,80.0,25.0,65.0,4.0,0.0,0.85,0.035,0.0,0.3,0.0,-0.1,0.1,0.0,0.35,1.0,0.95,0.25,0.2,0.15,0.08,1.35,0.02,0.95,False,True,constant,True,rouwenhorst,replacement_rate,True,progressive
c608e64a9a897f,held_out_models/c608e64a9a897f,True,,1.0,0.15,0.0,1e-08,0.1,2.0,0.5,100000000.0,1e-06,0.05,10000.0,20.0,1.0,0.75,0.92,25.0,0.001,0.04,5.0,1e-06,0.0,0.02,2.0,0.0,80.0,25.0,65.0,6.0,0.0,0.85,0.015,0.0,0.7,0.0,-0.1,0.4,0.0,0.2,1.0,0.9,0.65,0.2,0.25,0.08,1.35,0.02,0.95,False,True,constant,True,rouwenhorst,replacement_rate,True,flat
c6dcb6f3f3952a,held_out_models/c6dcb6f3f3952a,True,,1.0,0.1,0.0,1e-08,0.05,2.0,0.5,100000000.0,1e-06,0.0,10000.0,20.0,1.0,0.75,0.95,25.0,0.001,0.02,5.0,1e-06,0.0,0.01,2.0,0.0,80.0,25.0,65.0,6.0,0.0,0.85,0.015,0.0,0.3,0.0,-0.1,0.4,0.0,0.2,1.0,0.9,0.65,0.2,0.25,0.08,1.35,0.02,0.95,False,True,constant,True,rouwenhorst,replacement_rate,True,flat
c6fec884bc6e8b,held_out_models/c6fec884bc6e8b,True,,1.0,0.15,0.0,1e-08,0.05,2.0,0.5,100000000.0,1e-06,0.1,10000.0,20.0,1.0,0.75,0.97,25.0,0.001,0.04,5.0,1e-06,0.0,0.01,2.0,0.0,80.0,25.0,65.0,2.0,0.0,0.6,0.075,0.0,0.7,0.0,-0.1,0.4,0.0,0.1,1.0,0.98,0.45,0.2,0.08,0.08,1.35,0.02,0.95,False,True,constant,True,rouwenhorst,replacement_rate,True,progressive
c75a1470d9d16e,held_out_models/c75a1470d9d16e,True,,1.0,0.1,0.0,1e-08,0.05,8.0,0.5,100000000.0,1e-06,0.0,10000.0,20.0,1.0,0.75,0.97,25.0,0.001,0.02,5.0,1e-06,0.0,0.02,2.0,0.0,80.0,25.0,65.0,2.0,0.0,0.85,0.015,0.0,0.7,0.0,-0.1,0.25,0.0,0.2,1.0,0.95,0.45,0.2,0.15,0.08,1.35,0.05,0.95,False,True,constant,True,rouwenhorst,replacement_rate,True,progressive
c7b2b939603926,held_out_models/c7b2b939603926,True,,1.0,0.06,0.0,1e-08,0.1,0.5,0.5,100000000.0,1e-06,0.02,10000.0,20.0,1.0,0.75,0.985,25.0,0.001,0.06,5.0,1e-06,0.0,0.0,2.0,0.0,80.0,25.0,65.0,4.0,0.0,0.3,0.035,0.0,0.3,0.0,-0.1,0.4,0.0,0.1,1.0,0.98,0.25,0.2,0.15,0.08,1.35,0.02,0.95,False,True,constant,True,rouwenhorst,replacement_rate,True,flat
c94c559ca49b98,held_out_models/c94c559ca49b98,True,,1.0,0.06,0.0,1e-08,0.05,0.5,0.5,100000000.0,1e-06,0.02,10000.0,20.0,1.0,0.75,0.95,25.0,0.001,0.04,5.0,1e-06,0.0,0.0,2.0,0.0,80.0,25.0,65.0,6.0,0.0,0.3,0.035,0.0,0.3,0.0,-0.1,0.4,0.0,0.1,1.0,0.9,0.45,0.2,0.15,0.08,1.35,0.02,0.95,False,True,constant,True,rouwenhorst,replacement_rate,True,flat
cc25ab2edefb3d,held_out_models/cc25ab2edefb3d,True,,1.0,0.15,0.0,1e-08,0.05,0.5,0.5,100000000.0,1e-06,0.1,10000.0,20.0,1.0,0.75,0.95,25.0,0.001,0.04,5.0,1e-06,0.0,0.0,2.0,0.0,80.0,25.0,65.0,2.0,0.0,0.85,0.015,0.0,0.7,0.0,-0.1,0.1,0.0,0.2,1.0,0.98,0.25,0.2,0.15,0.08,1.35,0.05,0.95,False,True,constant,True,rouwenhorst,replacement_rate,True,progressive
cdd9d12b37eed1,held_out_models/cdd9d12b37eed1,True,,1.0,0.06,0.0,1e-08,0.0,2.0,0.5,100000000.0,1e-06,0.1,10000.0,20.0,1.0,0.75,0.92,25.0,0.001,0.04,5.0,1e-06,0.0,0.0,2.0,0.0,80.0,25.0,65.0,4.0,0.0,0.3,0.015,0.0,0.7,0.0,-0.1,0.4,0.0,0.35,1.0,0.9,0.25,0.2,0.08,0.08,1.35,0.02,0.95,False,True,constant,True,rouwenhorst,replacement_rate,True,flat
ce9f0183d22471,held_out_models/ce9f0183d22471,True,,1.0,0.15,0.0,1e-08,0.0,0.5,0.5,100000000.0,1e-06,0.05,10000.0,20.0,1.0,0.75,0.92,25.0,0.001,0.06,5.0,1e-06,0.0,0.01,2.0,0.0,80.0,25.0,65.0,6.0,0.0,0.85,0.015,0.0,0.7,0.0,-0.1,0.25,0.0,0.1,1.0,0.9,0.45,0.2,0.15,0.08,1.35,0.05,0.95,False,True,constant,True,rouwenhorst,replacement_rate,True,progressive
d00547f8dd3a6d,held_out_models/d00547f8dd3a6d,True,,1.0,0.06,0.0,1e-08,0.1,8.0,0.5,100000000.0,1e-06,0.1,10000.0,20.0,1.0,0.75,0.985,25.0,0.001,0.06,5.0,1e-06,0.0,0.02,2.0,0.0,80.0,25.0,65.0,2.0,0.0,0.6,0.075,0.0,0.5,0.0,-0.1,0.25,0.0,0.1,1.0,0.9,0.65,0.2,0.15,0.08,1.35,0.05,0.95,False,True,constant,True,rouwenhorst,replacement_rate,True,progressive
d0ae608a8785de,held_out_models/d0ae608a8785de,True,,1.0,0.06,0.0,1e-08,0.05,8.0,0.5,100000000.0,1e-06,0.1,10000.0,20.0,1.0,0.75,0.95,25.0,0.001,0.06,5.0,1e-06,0.0,0.0,2.0,0.0,80.0,25.0,65.0,6.0,0.0,0.6,0.035,0.0,0.7,0.0,-0.1,0.25,0.0,0.2,1.0,0.9,0.65,0.2,0.08,0.08,1.35,0.02,0.95,False,True,constant,True,rouwenhorst,replacement_rate,True,none
d124519daea10e,held_out_models/d124519daea10e,True,,1.0,0.1,0.0,1e-08,0.05,0.5,0.5,100000000.0,1e-06,0.05,10000.0,20.0,1.0,0.75,0.95,25.0,0.001,0.06,5.0,1e-06,0.0,0.01,2.0,0.0,80.0,25.0,65.0,4.0,0.0,0.3,0.035,0.0,0.3,0.0,-0.1,0.4,0.0,0.1,1.0,0.98,0.25,0.2,0.08,0.08,1.35,0.05,0.95,False,True,constant,True,rouwenhorst,replacement_rate,True,progressive
d25d21cfa0704c,held_out_models/d25d21cfa0704c,True,,1.0,0.15,0.0,1e-08,0.0,2.0,0.5,100000000.0,1e-06,0.02,10000.0,20.0,1.0,0.75,0.95,25.0,0.001,0.02,5.0,1e-06,0.0,0.02,2.0,0.0,80.0,25.0,65.0,4.0,0.0,0.85,0.035,0.0,0.7,0.0,-0.1,0.25,0.0,0.2,1.0,0.9,0.65,0.2,0.08,0.08,1.35,0.02,0.95,False,True,constant,True,rouwenhorst,replacement_rate,True,flat
d2d748c78ff684,held_out_models/d2d748c78ff684,True,,1.0,0.06,0.0,1e-08,0.0,0.5,0.5,100000000.0,1e-06,0.02,10000.0,20.0,1.0,0.75,0.95,25.0,0.001,0.06,5.0,1e-06,0.0,0.02,2.0,0.0,80.0,25.0,65.0,4.0,0.0,0.85,0.035,0.0,0.5,0.0,-0.1,0.1,0.0,0.2,1.0,0.9,0.45,0.2,0.08,0.08,1.35,0.02,0.95,False,True,constant,True,rouwenhorst,replacement_rate,True,progressive
d3abb58d1607ae,held_out_models/d3abb58d1607ae,True,,1.0,0.1,0.0,1e-08,0.05,8.0,0.5,100000000.0,1e-06,0.02,10000.0,20.0,1.0,0.75,0.97,25.0,0.001,0.02,5.0,1e-06,0.0,0.01,2.0,0.0,80.0,25.0,65.0,2.0,0.0,0.85,0.015,0.0,0.3,0.0,-0.1,0.4,0.0,0.2,1.0,0.98,0.45,0.2,0.25,0.08,1.35,0.02,0.95,False,True,constant,True,rouwenhorst,replacement_rate,True,none
d3e246f27526a4,held_out_models/d3e246f27526a4,True,,1.0,0.15,0.0,1e-08,0.1,2.0,0.5,100000000.0,1e-06,0.1,10000.0,20.0,1.0,0.75,0.97,25.0,0.001,0.06,5.0,1e-06,0.0,0.01,2.0,0.0,80.0,25.0,65.0,4.0,0.0,0.6,0.035,0.0,0.5,0.0,-0.1,0.25,0.0,0.2,1.0,0.98,0.65,0.2,0.25,0.08,1.35,0.02,0.95,False,True,constant,True,rouwenhorst,replacement_rate,True,flat
d3e591aebc4503,held_out_models/d3e591aebc4503,True,,1.0,0.06,0.0,1e-08,0.05,0.5,0.5,100000000.0,1e-06,0.0,10000.0,20.0,1.0,0.75,0.92,25.0,0.001,0.02,5.0,1e-06,0.0,0.0,2.0,0.0,80.0,25.0,65.0,6.0,0.0,0.6,0.075,0.0,0.5,0.0,-0.1,0.25,0.0,0.1,1.0,0.95,0.45,0.2,0.15,0.08,1.35,0.05,0.95,False,True,constant,True,rouwenhorst,replacement_rate,True,progressive
d494038eeea829,held_out_models/d494038eeea829,True,,1.0,0.1,0.0,1e-08,0.0,2.0,0.5,100000000.0,1e-06,0.05,10000.0,20.0,1.0,0.75,0.97,25.0,0.001,0.02,5.0,1e-06,0.0,0.0,2.0,0.0,80.0,25.0,65.0,4.0,0.0,0.3,0.015,0.0,0.3,0.0,-0.1,0.25,0.0,0.2,1.0,0.98,0.25,0.2,0.08,0.08,1.35,0.02,0.95,False,True,constant,True,rouwenhorst,replacement_rate,True,progressive
d59cfe6bbb6418,held_out_models/d59cfe6bbb6418,True,,1.0,0.1,0.0,1e-08,0.0,0.5,0.5,100000000.0,1e-06,0.02,10000.0,20.0,1.0,0.75,0.97,25.0,0.001,0.04,5.0,1e-06,0.0,0.0,2.0,0.0,80.0,25.0,65.0,4.0,0.0,0.85,0.035,0.0,0.5,0.0,-0.1,0.4,0.0,0.2,1.0,0.98,0.25,0.2,0.15,0.08,1.35,0.05,0.95,False,True,constant,True,rouwenhorst,replacement_rate,True,none
d6b3cb4359a646,held_out_models/d6b3cb4359a646,True,,1.0,0.15,0.0,1e-08,0.05,8.0,0.5,100000000.0,1e-06,0.1,10000.0,20.0,1.0,0.75,0.95,25.0,0.001,0.06,5.0,1e-06,0.0,0.0,2.0,0.0,80.0,25.0,65.0,4.0,0.0,0.3,0.015,0.0,0.5,0.0,-0.1,0.25,0.0,0.2,1.0,0.95,0.25,0.2,0.08,0.08,1.35,0.05,0.95,False,True,constant,True,rouwenhorst,replacement_rate,True,none
d74e267d3bd3eb,held_out_models/d74e267d3bd3eb,True,,1.0,0.15,0.0,1e-08,0.05,8.0,0.5,100000000.0,1e-06,0.0,10000.0,20.0,1.0,0.75,0.92,25.0,0.001,0.06,5.0,1e-06,0.0,0.01,2.0,0.0,80.0,25.0,65.0,4.0,0.0,0.3,0.015,0.0,0.7,0.0,-0.1,0.4,0.0,0.35,1.0,0.95,0.45,0.2,0.08,0.08,1.35,0.02,0.95,False,True,constant,True,rouwenhorst,replacement_rate,True,progressive
d79c0586a19132,held_out_models/d79c0586a19132,True,,1.0,0.06,0.0,1e-08,0.0,0.5,0.5,100000000.0,1e-06,0.0,10000.0,20.0,1.0,0.75,0.97,25.0,0.001,0.02,5.0,1e-06,0.0,0.0,2.0,0.0,80.0,25.0,65.0,2.0,0.0,0.6,0.075,0.0,0.5,0.0,-0.1,0.25,0.0,0.35,1.0,0.95,0.65,0.2,0.15,0.08,1.35,0.02,0.95,False,True,constant,True,rouwenhorst,replacement_rate,True,progressive
d835922f7b7848,held_out_models/d835922f7b7848,True,,1.0,0.1,0.0,1e-08,0.1,0.5,0.5,100000000.0,1e-06,0.1,10000.0,20.0,1.0,0.75,0.95,25.0,0.001,0.04,5.0,1e-06,0.0,0.02,2.0,0.0,80.0,25.0,65.0,2.0,0.0,0.6,0.075,0.0,0.3,0.0,-0.1,0.1,0.0,0.2,1.0,0.95,0.25,0.2,0.08,0.08,1.35,0.05,0.95,False,True,constant,True,rouwenhorst,replacement_rate,True,none
d8b60418028bc5,held_out_models/d8b60418028bc5,True,,1.0,0.06,0.0,1e-08,0.0,8.0,0.5,100000000.0,1e-06,0.1,10000.0,20.0,1.0,0.75,0.97,25.0,0.001,0.06,5.0,1e-06,0.0,0.0,2.0,0.0,80.0,25.0,65.0,4.0,0.0,0.6,0.015,0.0,0.5,0.0,-0.1,0.25,0.0,0.1,1.0,0.9,0.65,0.2,0.25,0.08,1.35,0.05,0.95,False,True,constant,True,rouwenhorst,replacement_rate,True,progressive
d976cf83fdfca3,held_out_models/d976cf83fdfca3,True,,1.0,0.06,0.0,1e-08,0.05,2.0,0.5,100000000.0,1e-06,0.02,10000.0,20.0,1.0,0.75,0.985,25.0,0.001,0.04,5.0,1e-06,0.0,0.01,2.0,0.0,80.0,25.0,65.0,4.0,0.0,0.3,0.015,0.0,0.7,0.0,-0.1,0.1,0.0,0.2,1.0,0.9,0.45,0.2,0.08,0.08,1.35,0.02,0.95,False,True,constant,True,rouwenhorst,replacement_rate,True,flat
d97cfc9bc8f844,held_out_models/d97cfc9bc8f844,True,,1.0,0.06,0.0,1e-08,0.1,2.0,0.5,100000000.0,1e-06,0.1,10000.0,20.0,1.0,0.75,0.97,25.0,0.001,0.02,5.0,1e-06,0.0,0.01,2.0,0.0,80.0,25.0,65.0,2.0,0.0,0.6,0.015,0.0,0.5,0.0,-0.1,0.4,0.0,0.2,1.0,0.9,0.65,0.2,0.15,0.08,1.35,0.05,0.95,False,True,constant,True,rouwenhorst,replacement_rate,True,none
dd036edb3df623,held_out_models/dd036edb3df623,True,,1.0,0.06,0.0,1e-08,0.0,2.0,0.5,100000000.0,1e-06,0.0,10000.0,20.0,1.0,0.75,0.95,25.0,0.001,0.04,5.0,1e-06,0.0,0.0,2.0,0.0,80.0,25.0,65.0,6.0,0.0,0.3,0.015,0.0,0.3,0.0,-0.1,0.4,0.0,0.2,1.0,0.95,0.45,0.2,0.08,0.08,1.35,0.02,0.95,False,True,constant,True,rouwenhorst,replacement_rate,True,flat
ddf33293a7cdcd,held_out_models/ddf33293a7cdcd,True,,1.0,0.06,0.0,1e-08,0.05,8.0,0.5,100000000.0,1e-06,0.1,10000.0,20.0,1.0,0.75,0.985,25.0,0.001,0.02,5.0,1e-06,0.0,0.01,2.0,0.0,80.0,25.0,65.0,4.0,0.0,0.85,0.075,0.0,0.7,0.0,-0.1,0.25,0.0,0.1,1.0,0.9,0.25,0.2,0.08,0.08,1.35,0.05,0.95,False,True,constant,True,rouwenhorst,replacement_rate,True,flat
e0b7b0e0641ef3,held_out_models/e0b7b0e0641ef3,True,,1.0,0.15,0.0,1e-08,0.0,8.0,0.5,100000000.0,1e-06,0.02,10000.0,20.0,1.0,0.75,0.97,25.0,0.001,0.02,5.0,1e-06,0.0,0.02,2.0,0.0,80.0,25.0,65.0,2.0,0.0,0.85,0.015,0.0,0.7,0.0,-0.1,0.1,0.0,0.35,1.0,0.95,0.65,0.2,0.25,0.08,1.35,0.05,0.95,False,True,constant,True,rouwenhorst,replacement_rate,True,flat
e217388a75c87f,held_out_models/e217388a75c87f,True,,1.0,0.15,0.0,1e-08,0.1,2.0,0.5,100000000.0,1e-06,0.05,10000.0,20.0,1.0,0.75,0.97,25.0,0.001,0.04,5.0,1e-06,0.0,0.01,2.0,0.0,80.0,25.0,65.0,2.0,0.0,0.85,0.035,0.0,0.7,0.0,-0.1,0.1,0.0,0.2,1.0,0.98,0.25,0.2,0.15,0.08,1.35,0.02,0.95,False,True,constant,True,rouwenhorst,replacement_rate,True,none
e2a0fcd7349442,held_out_models/e2a0fcd7349442,True,,1.0,0.15,0.0,1e-08,0.0,8.0,0.5,100000000.0,1e-06,0.05,10000.0,20.0,1.0,0.75,0.97,25.0,0.001,0.06,5.0,1e-06,0.0,0.0,2.0,0.0,80.0,25.0,65.0,4.0,0.0,0.3,0.035,0.0,0.3,0.0,-0.1,0.4,0.0,0.35,1.0,0.9,0.25,0.2,0.08,0.08,1.35,0.05,0.95,False,True,constant,True,rouwenhorst,replacement_rate,True,none
e42cf04f50792d,held_out_models/e42cf04f50792d,True,,1.0,0.15,0.0,1e-08,0.05,2.0,0.5,100000000.0,1e-06,0.0,10000.0,20.0,1.0,0.75,0.95,25.0,0.001,0.04,5.0,1e-06,0.0,0.02,2.0,0.0,80.0,25.0,65.0,4.0,0.0,0.3,0.075,0.0,0.5,0.0,-0.1,0.25,0.0,0.2,1.0,0.9,0.65,0.2,0.25,0.08,1.35,0.02,0.95,False,True,constant,True,rouwenhorst,replacement_rate,True,flat
e8719f28077eec,held_out_models/e8719f28077eec,True,,1.0,0.1,0.0,1e-08,0.05,8.0,0.5,100000000.0,1e-06,0.1,10000.0,20.0,1.0,0.75,0.95,25.0,0.001,0.06,5.0,1e-06,0.0,0.0,2.0,0.0,80.0,25.0,65.0,6.0,0.0,0.6,0.035,0.0,0.7,0.0,-0.1,0.1,0.0,0.1,1.0,0.95,0.45,0.2,0.15,0.08,1.35,0.05,0.95,False,True,constant,True,rouwenhorst,replacement_rate,True,none
e949b3d08951d2,held_out_models/e949b3d08951d2,True,,1.0,0.06,0.0,1e-08,0.0,0.5,0.5,100000000.0,1e-06,0.02,10000.0,20.0,1.0,0.75,0.97,25.0,0.001,0.06,5.0,1e-06,0.0,0.02,2.0,0.0,80.0,25.0,65.0,6.0,0.0,0.3,0.075,0.0,0.7,0.0,-0.1,0.4,0.0,0.1,1.0,0.98,0.65,0.2,0.15,0.08,1.35,0.02,0.95,False,True,constant,True,rouwenhorst,replacement_rate,True,none
e9b3f4d84b8695,held_out_models/e9b3f4d84b8695,True,,1.0,0.15,0.0,1e-08,0.0,0.5,0.5,100000000.0,1e-06,0.0,10000.0,20.0,1.0,0.75,0.985,25.0,0.001,0.02,5.0,1e-06,0.0,0.0,2.0,0.0,80.0,25.0,65.0,6.0,0.0,0.85,0.075,0.0,0.7,0.0,-0.1,0.4,0.0,0.2,1.0,0.95,0.25,0.2,0.15,0.08,1.35,0.05,0.95,False,True,constant,True,rouwenhorst,replacement_rate,True,none
eb8ebf2e98a9a3,held_out_models/eb8ebf2e98a9a3,True,,1.0,0.06,0.0,1e-08,0.0,0.5,0.5,100000000.0,1e-06,0.05,10000.0,20.0,1.0,0.75,0.92,25.0,0.001,0.06,5.0,1e-06,0.0,0.0,2.0,0.0,80.0,25.0,65.0,4.0,0.0,0.6,0.035,0.0,0.7,0.0,-0.1,0.25,0.0,0.1,1.0,0.95,0.25,0.2,0.25,0.08,1.35,0.05,0.95,False,True,constant,True,rouwenhorst,replacement_rate,True,none
ebf647d85d888f,held_out_models/ebf647d85d888f,True,,1.0,0.06,0.0,1e-08,0.05,2.0,0.5,100000000.0,1e-06,0.05,10000.0,20.0,1.0,0.75,0.97,25.0,0.001,0.04,5.0,1e-06,0.0,0.01,2.0,0.0,80.0,25.0,65.0,2.0,0.0,0.3,0.015,0.0,0.7,0.0,-0.1,0.1,0.0,0.2,1.0,0.9,0.25,0.2,0.15,0.08,1.35,0.02,0.95,False,True,constant,True,rouwenhorst,replacement_rate,True,flat
f0f7315aac6d3d,held_out_models/f0f7315aac6d3d,True,,1.0,0.06,0.0,1e-08,0.0,2.0,0.5,100000000.0,1e-06,0.1,10000.0,20.0,1.0,0.75,0.95,25.0,0.001,0.04,5.0,1e-06,0.0,0.0,2.0,0.0,80.0,25.0,65.0,6.0,0.0,0.6,0.035,0.0,0.7,0.0,-0.1,0.4,0.0,0.2,1.0,0.9,0.65,0.2,0.08,0.08,1.35,0.02,0.95,False,True,constant,True,rouwenhorst,replacement_rate,True,none
f15851663b765e,held_out_models/f15851663b765e,True,,1.0,0.15,0.0,1e-08,0.05,2.0,0.5,100000000.0,1e-06,0.1,10000.0,20.0,1.0,0.75,0.95,25.0,0.001,0.02,5.0,1e-06,0.0,0.02,2.0,0.0,80.0,25.0,65.0,2.0,0.0,0.3,0.035,0.0,0.5,0.0,-0.1,0.25,0.0,0.1,1.0,0.98,0.65,0.2,0.15,0.08,1.35,0.02,0.95,False,True,constant,True,rouwenhorst,replacement_rate,True,none
f1608a96cade4d,held_out_models/f1608a96cade4d,True,,1.0,0.06,0.0,1e-08,0.0,8.0,0.5,100000000.0,1e-06,0.05,10000.0,20.0,1.0,0.75,0.985,25.0,0.001,0.06,5.0,1e-06,0.0,0.02,2.0,0.0,80.0,25.0,65.0,4.0,0.0,0.3,0.015,0.0,0.7,0.0,-0.1,0.25,0.0,0.35,1.0,0.95,0.45,0.2,0.08,0.08,1.35,0.05,0.95,False,True,constant,True,rouwenhorst,replacement_rate,True,progressive
f2330d727334a9,held_out_models/f2330d727334a9,True,,1.0,0.15,0.0,1e-08,0.0,0.5,0.5,100000000.0,1e-06,0.0,10000.0,20.0,1.0,0.75,0.95,25.0,0.001,0.04,5.0,1e-06,0.0,0.0,2.0,0.0,80.0,25.0,65.0,2.0,0.0,0.3,0.015,0.0,0.5,0.0,-0.1,0.25,0.0,0.35,1.0,0.9,0.65,0.2,0.25,0.08,1.35,0.02,0.95,False,True,constant,True,rouwenhorst,replacement_rate,True,flat
f4f6b15835e3f3,held_out_models/f4f6b15835e3f3,True,,1.0,0.15,0.0,1e-08,0.1,0.5,0.5,100000000.0,1e-06,0.02,10000.0,20.0,1.0,0.75,0.97,25.0,0.001,0.06,5.0,1e-06,0.0,0.01,2.0,0.0,80.0,25.0,65.0,4.0,0.0,0.6,0.035,0.0,0.7,0.0,-0.1,0.4,0.0,0.35,1.0,0.95,0.25,0.2,0.25,0.08,1.35,0.02,0.95,False,True,constant,True,rouwenhorst,replacement_rate,True,flat
f57778ebbedf83,held_out_models/f57778ebbedf83,True,,1.0,0.15,0.0,1e-08,0.0,8.0,0.5,100000000.0,1e-06,0.02,10000.0,20.0,1.0,0.75,0.985,25.0,0.001,0.02,5.0,1e-06,0.0,0.01,2.0,0.0,80.0,25.0,65.0,6.0,0.0,0.6,0.075,0.0,0.7,0.0,-0.1,0.25,0.0,0.1,1.0,0.95,0.25,0.2,0.08,0.08,1.35,0.05,0.95,False,True,constant,True,rouwenhorst,replacement_rate,True,none
f875a7cd8f614d,held_out_models/f875a7cd8f614d,True,,1.0,0.1,0.0,1e-08,0.1,8.0,0.5,100000000.0,1e-06,0.05,10000.0,20.0,1.0,0.75,0.97,25.0,0.001,0.02,5.0,1e-06,0.0,0.01,2.0,0.0,80.0,25.0,65.0,4.0,0.0,0.3,0.075,0.0,0.3,0.0,-0.1,0.1,0.0,0.35,1.0,0.9,0.45,0.2,0.15,0.08,1.35,0.05,0.95,False,True,constant,True,rouwenhorst,replacement_rate,True,none
f983ed5ccb204b,held_out_models/f983ed5ccb204b,True,,1.0,0.06,0.0,1e-08,0.0,8.0,0.5,100000000.0,1e-06,0.05,10000.0,20.0,1.0,0.75,0.92,25.0,0.001,0.06,5.0,1e-06,0.0,0.01,2.0,0.0,80.0,25.0,65.0,6.0,0.0,0.6,0.075,0.0,0.3,0.0,-0.1,0.1,0.0,0.2,1.0,0.95,0.45,0.2,0.08,0.08,1.35,0.05,0.95,False,True,constant,True,rouwenhorst,replacement_rate,True,flat
fa53225f63b392,held_out_models/fa53225f63b392,True,,1.0,0.1,0.0,1e-08,0.0,0.5,0.5,100000000.0,1e-06,0.1,10000.0,20.0,1.0,0.75,0.95,25.0,0.001,0.04,5.0,1e-06,0.0,0.01,2.0,0.0,80.0,25.0,65.0,2.0,0.0,0.3,0.015,0.0,0.3,0.0,-0.1,0.1,0.0,0.1,1.0,0.95,0.65,0.2,0.08,0.08,1.35,0.05,0.95,False,True,constant,True,rouwenhorst,replacement_rate,True,progressive
fc4560d642cfae,held_out_models/fc4560d642cfae,True,,1.0,0.15,0.0,1e-08,0.1,8.0,0.5,100000000.0,1e-06,0.02,10000.0,20.0,1.0,0.75,0.97,25.0,0.001,0.06,5.0,1e-06,0.0,0.0,2.0,0.0,80.0,25.0,65.0,2.0,0.0,0.6,0.015,0.0,0.5,0.0,-0.1,0.4,0.0,0.2,1.0,0.98,0.65,0.2,0.08,0.08,1.35,0.02,0.95,False,True,constant,True,rouwenhorst,replacement_rate,True,none
fe280199b24067,held_out_models/fe280199b24067,True,,1.0,0.1,0.0,1e-08,0.0,2.0,0.5,100000000.0,1e-06,0.1,10000.0,20.0,1.0,0.75,0.95,25.0,0.001,0.06,5.0,1e-06,0.0,0.01,2.0,0.0,80.0,25.0,65.0,4.0,0.0,0.6,0.075,0.0,0.5,0.0,-0.1,0.1,0.0,0.1,1.0,0.9,0.45,0.2,0.25,0.08,1.35,0.05,0.95,False,True,constant,True,rouwenhorst,replacement_rate,True,progressive
ff0ed501869af1,held_out_models/ff0ed501869af1,True,,1.0,0.15,0.0,1e-08,0.0,0.5,0.5,100000000.0,1e-06,0.1,10000.0,20.0,1.0,0.75,0.95,25.0,0.001,0.06,5.0,1e-06,0.0,0.01,2.0,0.0,80.0,25.0,65.0,2.0,0.0,0.6,0.075,0.0,0.5,0.0,-0.1,0.25,0.0,0.35,1.0,0.95,0.45,0.2,0.08,0.08,1.35,0.05,0.95,False,True,constant,True,rouwenhorst,replacement_rate,True,flat
